transaction_id,channel,product_id,customer_id,transaction_date,quantity,price,total_sales
1,Mobile,13,22,2023-04-28,1,332.51,332.51
2,Online,1,4,2023-07-21,5,135.47,677.35
3,Mobile,1,32,2023-09-11,4,442.01,1768.04
4,Retail,14,46,2023-11-27,3,28.73,86.19
5,Online,13,34,2023-12-19,4,33.76,135.04
6,Online,17,2,2023-08-09,5,76.4,382.0
7,Mobile,1,50,2023-06-30,4,385.31,1541.24
8,Retail,12,3,2023-02-15,5,266.18,1330.9
9,Online,15,48,2023-04-09,2,415.34,830.68
10,Retail,17,10,2023-12-09,1,191.48,191.48
11,Online,12,40,2023-07-14,1,116.6,116.6
12,Retail,10,42,2023-06-19,1,310.1,310.1
13,Retail,10,40,2023-07-27,5,120.66,603.3
14,Mobile,11,24,2023-01-27,2,34.52,69.04
15,Mobile,15,47,2023-06-07,5,489.2,2446.0
16,Retail,5,23,2023-06-08,5,355.32,1776.6
17,Online,6,20,2023-09-19,5,426.55,2132.75
18,Mobile,20,10,2023-06-15,4,479.98,1919.92
19,Online,5,32,2023-07-30,5,251.69,1258.45
20,Mobile,7,39,2023-07-25,3,389.57,1168.71
21,Mobile,1,36,2023-06-08,5,281.23,1406.15
22,Online,8,6,2023-02-10,5,138.47,692.35
23,Mobile,2,41,2023-10-28,2,69.81,139.62
24,Retail,6,47,2023-05-30,1,74.32,74.32
25,Mobile,7,19,2023-04-04,3,134.08,402.24
26,Mobile,18,39,2023-03-05,1,413.49,413.49
27,Retail,16,8,2023-05-17,4,490.16,1960.64
28,Retail,3,42,2023-09-25,2,498.03,996.06
29,Mobile,5,42,2023-12-22,3,484.54,1453.6200000000001
30,Online,2,15,2023-12-10,4,167.21,668.84
31,Mobile,7,23,2023-07-31,5,53.68,268.4
32,Mobile,11,44,2023-12-07,1,372.18,372.18
33,Mobile,6,16,2023-09-16,5,477.44,2387.2
34,Mobile,14,28,2023-08-05,5,355.66,1778.3000000000002
35,Online,15,22,2023-07-10,5,261.14,1305.6999999999998
36,Online,3,27,2023-01-25,2,358.49,716.98
37,Online,13,44,2023-10-25,5,41.52,207.60000000000002
38,Retail,12,44,2023-09-06,2,415.67,831.34
39,Online,15,23,2023-04-06,3,30.19,90.57000000000001
40,Retail,11,6,2023-10-17,1,252.43,252.43
41,Online,7,45,2023-10-17,1,327.72,327.72
42,Online,2,48,2023-08-20,3,257.42,772.26
43,Online,3,39,2023-03-11,3,79.73,239.19
44,Online,10,47,2023-01-17,3,213.75,641.25
45,Retail,10,10,2023-11-08,2,314.44,628.88
46,Online,8,30,2023-06-10,5,481.13,2405.65
47,Retail,11,31,2023-04-20,3,469.41,1408.23
48,Mobile,18,5,2023-11-18,1,16.51,16.51
49,Mobile,15,26,2023-04-16,2,291.25,582.5
50,Mobile,14,48,2023-11-25,2,370.62,741.24
51,Online,17,47,2023-09-06,2,353.91,707.82
52,Online,17,37,2023-10-25,5,422.04,2110.2000000000003
53,Mobile,1,6,2023-09-16,3,226.06,678.1800000000001
54,Retail,19,2,2023-08-14,5,329.39,1646.9499999999998
55,Online,11,47,2023-04-15,4,290.41,1161.64
56,Retail,18,5,2023-11-27,3,300.92,902.76
57,Retail,6,32,2023-08-25,4,494.01,1976.04
58,Online,3,38,2023-10-11,4,181.05,724.2
59,Mobile,11,47,2023-11-08,5,269.6,1348.0
60,Online,6,36,2023-09-15,4,71.0,284.0
61,Mobile,16,38,2023-10-30,1,241.38,241.38
62,Retail,6,9,2023-06-15,5,363.56,1817.8
63,Online,15,22,2023-09-11,3,422.92,1268.76
64,Retail,8,19,2023-07-01,1,252.25,252.25
65,Mobile,19,40,2023-02-22,5,290.39,1451.9499999999998
66,Online,5,13,2023-02-09,2,142.24,284.48
67,Retail,4,27,2023-07-16,3,481.92,1445.76
68,Retail,20,22,2023-09-11,2,476.22,952.44
69,Mobile,3,30,2023-09-10,3,162.86,488.58000000000004
70,Online,17,4,2023-11-16,5,398.99,1994.95
71,Mobile,8,33,2023-05-29,1,323.09,323.09
72,Retail,8,45,2023-09-08,1,460.81,460.81
73,Retail,2,29,2023-12-08,5,460.5,2302.5
74,Retail,12,39,2023-02-05,2,31.84,63.68
75,Mobile,10,32,2023-12-13,1,48.53,48.53
76,Online,7,27,2023-06-05,4,208.45,833.8
77,Mobile,13,36,2023-05-06,1,47.31,47.31
78,Online,1,30,2023-06-12,1,410.02,410.02
79,Retail,1,38,2023-01-29,2,349.87,699.74
80,Mobile,11,20,2023-03-24,3,170.1,510.29999999999995
81,Retail,18,26,2023-01-19,4,215.61,862.44
82,Retail,13,7,2023-02-01,3,158.87,476.61
83,Mobile,14,9,2023-12-27,2,376.64,753.28
84,Retail,16,16,2023-03-14,3,122.68,368.04
85,Online,10,27,2023-02-26,5,40.32,201.6
86,Online,8,12,2023-01-08,3,125.82,377.46
87,Mobile,6,39,2023-08-11,1,196.25,196.25
88,Retail,16,32,2023-08-17,5,159.67,798.3499999999999
89,Retail,10,30,2023-10-04,1,488.75,488.75
90,Mobile,3,48,2023-07-18,3,393.11,1179.33
91,Online,16,32,2023-04-23,4,343.13,1372.52
92,Online,7,35,2023-09-30,2,394.87,789.74
93,Retail,8,4,2023-12-04,3,471.63,1414.8899999999999
94,Retail,8,29,2023-05-12,3,270.4,811.1999999999999
95,Online,7,19,2023-08-17,2,271.51,543.02
96,Retail,2,7,2023-07-14,5,69.04,345.20000000000005
97,Online,1,3,2023-04-23,2,126.83,253.66
98,Retail,12,46,2023-07-03,1,479.77,479.77
99,Mobile,18,44,2023-10-22,4,61.06,244.24
100,Online,10,27,2023-08-28,5,392.49,1962.45
101,Retail,6,26,2023-02-13,2,223.03,446.06
102,Mobile,5,11,2023-01-19,2,364.5,729.0
103,Mobile,13,17,2023-09-22,4,181.05,724.2
104,Mobile,11,44,2023-02-03,2,403.25,806.5
105,Retail,17,37,2023-04-20,2,339.92,679.84
106,Retail,19,40,2023-10-02,3,134.09,402.27
107,Retail,18,20,2023-04-20,3,88.57,265.71
108,Mobile,16,22,2023-08-16,5,421.09,2105.45
109,Online,15,3,2023-02-15,3,439.03,1317.09
110,Mobile,5,44,2023-09-16,3,47.25,141.75
111,Mobile,10,44,2023-05-04,5,252.62,1263.1
112,Retail,5,21,2023-12-25,4,175.96,703.84
113,Mobile,7,42,2023-08-05,3,15.35,46.05
114,Mobile,16,41,2023-05-25,3,124.4,373.20000000000005
115,Online,11,44,2023-11-30,1,217.77,217.77
116,Mobile,7,29,2023-12-06,5,71.56,357.8
117,Mobile,8,19,2023-05-13,1,233.3,233.3
118,Retail,10,21,2023-08-15,3,305.82,917.46
119,Mobile,15,49,2023-07-16,5,485.93,2429.65
120,Retail,16,46,2023-12-21,1,376.64,376.64
121,Retail,13,11,2023-09-24,1,171.95,171.95
122,Retail,12,2,2023-11-29,1,53.05,53.05
123,Online,14,24,2023-10-06,4,256.73,1026.92
124,Online,17,49,2023-08-07,1,370.06,370.06
125,Online,13,10,2023-05-11,1,454.94,454.94
126,Retail,12,16,2023-10-10,5,130.81,654.05
127,Retail,17,10,2023-02-05,2,439.87,879.74
128,Retail,11,48,2023-04-13,4,95.83,383.32
129,Mobile,3,15,2023-05-16,4,99.84,399.36
130,Mobile,12,49,2023-06-05,2,382.6,765.2
131,Retail,10,12,2023-01-30,2,17.36,34.72
132,Retail,12,12,2023-05-16,3,47.12,141.35999999999999
133,Mobile,15,19,2023-08-27,1,366.53,366.53
134,Online,3,30,2023-01-03,5,96.11,480.55
135,Mobile,15,13,2023-01-08,5,198.75,993.75
136,Mobile,16,45,2023-04-22,3,38.03,114.09
137,Retail,9,36,2023-06-05,2,266.69,533.38
138,Online,18,29,2023-06-25,3,293.45,880.3499999999999
139,Mobile,18,45,2023-08-17,4,314.97,1259.88
140,Online,15,18,2023-10-11,5,98.69,493.45
141,Retail,11,13,2023-03-16,5,280.24,1401.2
142,Mobile,8,20,2023-04-20,1,344.18,344.18
143,Retail,11,22,2023-09-23,4,160.69,642.76
144,Online,8,6,2023-04-15,2,353.54,707.08
145,Mobile,4,3,2023-11-18,3,486.5,1459.5
146,Online,5,8,2023-09-23,4,178.34,713.36
147,Retail,11,23,2023-01-02,4,412.02,1648.08
148,Retail,18,16,2023-12-09,2,112.8,225.6
149,Online,15,15,2023-06-16,4,174.26,697.04
150,Online,11,43,2023-01-24,4,330.69,1322.76
151,Online,18,48,2023-02-23,4,412.99,1651.96
152,Retail,16,32,2023-09-23,4,462.45,1849.8
153,Online,12,50,2023-01-26,5,154.08,770.4000000000001
154,Retail,2,13,2023-03-11,1,433.7,433.7
155,Mobile,6,34,2023-06-07,2,384.42,768.84
156,Mobile,11,49,2023-10-01,1,99.77,99.77
157,Online,18,49,2023-04-19,4,288.01,1152.04
158,Online,6,4,2023-12-12,1,447.1,447.1
159,Online,14,22,2023-07-20,5,450.44,2252.2
160,Online,16,21,2023-09-12,5,286.28,1431.3999999999999
161,Mobile,2,17,2023-08-12,3,386.91,1160.73
162,Retail,11,43,2023-03-18,2,481.68,963.36
163,Retail,8,1,2023-08-06,3,352.29,1056.8700000000001
164,Online,13,23,2023-11-29,1,377.01,377.01
165,Mobile,6,1,2023-12-06,5,256.25,1281.25
166,Online,7,7,2023-03-20,5,460.41,2302.05
167,Retail,8,32,2023-02-13,1,461.99,461.99
168,Online,19,37,2023-12-28,5,387.34,1936.6999999999998
169,Online,3,6,2023-12-19,2,450.41,900.82
170,Online,7,32,2023-05-19,2,12.76,25.52
171,Retail,12,2,2023-07-17,1,305.75,305.75
172,Retail,20,19,2023-01-19,5,132.52,662.6
173,Mobile,3,29,2023-10-13,5,499.65,2498.25
174,Mobile,10,47,2023-07-22,5,263.7,1318.5
175,Mobile,14,28,2023-03-31,3,382.82,1148.46
176,Mobile,5,38,2023-08-15,4,359.26,1437.04
177,Online,14,47,2023-04-21,3,51.78,155.34
178,Retail,15,27,2023-03-05,4,40.44,161.76
179,Retail,13,10,2023-01-21,5,371.15,1855.75
180,Mobile,2,38,2023-05-15,4,206.65,826.6
181,Retail,13,43,2023-04-09,5,215.25,1076.25
182,Retail,9,49,2023-07-01,1,182.53,182.53
183,Online,20,14,2023-06-13,4,208.52,834.08
184,Retail,5,34,2023-06-05,5,466.63,2333.15
185,Online,3,15,2023-10-10,5,460.88,2304.4
186,Mobile,16,41,2023-06-08,3,452.21,1356.6299999999999
187,Mobile,4,1,2023-01-29,4,219.93,879.72
188,Retail,15,24,2023-06-21,4,375.28,1501.12
189,Mobile,6,48,2023-03-01,3,388.13,1164.3899999999999
190,Mobile,16,20,2023-08-24,1,405.48,405.48
191,Retail,6,40,2023-10-23,2,31.14,62.28
192,Retail,6,23,2023-11-11,2,164.93,329.86
193,Mobile,14,39,2023-06-13,5,312.87,1564.35
194,Online,3,25,2023-09-10,5,388.9,1944.5
195,Online,11,15,2023-04-14,3,313.55,940.6500000000001
196,Mobile,2,7,2023-10-04,3,19.12,57.36
197,Online,18,11,2023-01-20,4,370.86,1483.44
198,Online,16,3,2023-08-13,3,57.04,171.12
199,Online,14,26,2023-04-11,5,331.9,1659.5
200,Mobile,19,31,2023-08-26,3,74.27,222.81
201,Online,6,15,2023-11-24,1,257.53,257.53
202,Online,4,43,2023-09-18,1,322.8,322.8
203,Online,14,36,2023-06-22,5,44.38,221.9
204,Retail,18,29,2023-09-27,5,420.42,2102.1
205,Retail,11,11,2023-09-24,1,377.18,377.18
206,Retail,6,24,2023-03-13,3,93.29,279.87
207,Retail,19,6,2023-06-02,5,215.86,1079.3000000000002
208,Online,9,8,2023-02-09,3,123.56,370.68
209,Online,11,20,2023-05-09,5,381.45,1907.25
210,Mobile,13,14,2023-02-21,3,158.06,474.18
211,Online,10,23,2023-03-24,2,327.36,654.72
212,Retail,5,37,2023-11-04,1,339.73,339.73
213,Online,1,11,2023-08-18,1,243.19,243.19
214,Retail,8,3,2023-12-11,5,73.12,365.6
215,Mobile,2,1,2023-11-12,3,125.77,377.31
216,Mobile,18,6,2023-02-23,5,207.21,1036.05
217,Mobile,19,7,2023-09-15,1,188.08,188.08
218,Mobile,20,33,2023-02-03,5,71.34,356.70000000000005
219,Online,13,2,2023-08-27,5,149.27,746.35
220,Mobile,13,29,2023-09-28,4,214.81,859.24
221,Online,9,19,2023-01-23,1,66.14,66.14
222,Online,2,1,2023-09-26,3,462.81,1388.43
223,Retail,1,45,2023-03-13,4,336.47,1345.88
224,Mobile,8,47,2023-01-19,5,257.51,1287.55
225,Online,15,48,2023-07-20,2,476.5,953.0
226,Mobile,4,35,2023-10-11,4,329.49,1317.96
227,Mobile,3,37,2023-08-08,2,248.68,497.36
228,Retail,13,49,2023-04-30,5,209.44,1047.2
229,Online,12,12,2023-02-22,5,370.1,1850.5
230,Mobile,4,47,2023-03-04,5,472.94,2364.7
231,Online,6,37,2023-05-24,1,282.46,282.46
232,Retail,13,47,2023-03-02,1,499.23,499.23
233,Mobile,19,48,2023-04-14,5,407.7,2038.5
234,Mobile,3,20,2023-03-23,3,156.39,469.16999999999996
235,Mobile,11,2,2023-09-21,1,116.88,116.88
236,Online,5,42,2023-05-24,1,87.51,87.51
237,Retail,15,43,2023-07-14,1,315.86,315.86
238,Mobile,2,45,2023-04-09,3,478.41,1435.23
239,Retail,6,11,2023-01-15,4,420.97,1683.88
240,Online,5,43,2023-05-15,5,464.63,2323.15
241,Retail,14,44,2023-01-30,3,483.28,1449.84
242,Online,18,35,2023-03-26,1,164.48,164.48
243,Mobile,7,5,2023-02-14,4,32.88,131.52
244,Mobile,2,8,2023-12-15,2,38.14,76.28
245,Mobile,13,28,2023-05-31,4,469.89,1879.56
246,Mobile,18,47,2023-06-06,5,136.07,680.3499999999999
247,Online,15,45,2023-06-07,2,231.05,462.1
248,Online,16,18,2023-11-22,3,221.7,665.0999999999999
249,Mobile,8,29,2023-03-28,2,66.24,132.48
250,Retail,2,21,2023-12-15,4,219.38,877.52
251,Online,3,12,2023-07-16,2,245.23,490.46
252,Online,16,2,2023-10-16,4,248.29,993.16
253,Mobile,11,38,2023-08-09,5,159.84,799.2
254,Online,10,13,2023-03-22,1,190.83,190.83
255,Mobile,10,16,2023-09-02,2,11.57,23.14
256,Mobile,5,33,2023-10-07,1,136.98,136.98
257,Mobile,1,24,2023-04-29,5,456.79,2283.9500000000003
258,Mobile,15,10,2023-09-13,5,306.14,1530.6999999999998
259,Retail,3,12,2023-09-15,1,120.01,120.01
260,Retail,18,3,2023-03-11,2,215.93,431.86
261,Retail,20,33,2023-04-04,1,379.39,379.39
262,Mobile,15,17,2023-07-27,4,114.16,456.64
263,Retail,19,30,2023-01-24,3,110.54,331.62
264,Mobile,5,30,2023-03-03,5,159.03,795.15
265,Retail,13,47,2023-10-10,3,208.32,624.96
266,Online,14,36,2023-06-21,4,330.56,1322.24
267,Mobile,7,44,2023-11-03,4,127.93,511.72
268,Retail,14,10,2023-11-12,1,308.83,308.83
269,Mobile,16,20,2023-03-19,2,101.08,202.16
270,Online,11,21,2023-02-25,5,472.06,2360.3
271,Online,9,7,2023-04-06,4,66.74,266.96
272,Mobile,7,38,2023-10-31,4,445.78,1783.12
273,Retail,4,38,2023-07-12,1,326.81,326.81
274,Online,20,13,2023-02-05,5,361.18,1805.9
275,Mobile,16,44,2023-01-10,3,282.22,846.6600000000001
276,Retail,11,38,2023-01-04,4,136.7,546.8
277,Online,9,46,2023-11-15,3,179.95,539.8499999999999
278,Retail,11,22,2023-02-20,2,377.31,754.62
279,Online,3,20,2023-03-21,3,289.1,867.3000000000001
280,Retail,7,23,2023-05-23,1,29.36,29.36
281,Retail,1,15,2023-06-17,2,391.91,783.82
282,Online,16,48,2023-06-07,3,292.95,878.8499999999999
283,Mobile,5,46,2023-08-11,1,303.61,303.61
284,Online,1,5,2023-07-19,2,36.08,72.16
285,Online,9,21,2023-09-21,5,170.58,852.9000000000001
286,Retail,11,37,2023-12-19,1,460.62,460.62
287,Online,16,31,2023-08-07,4,304.5,1218.0
288,Retail,2,20,2023-10-26,5,498.27,2491.35
289,Retail,4,42,2023-10-08,5,386.08,1930.3999999999999
290,Retail,13,34,2023-11-11,1,393.42,393.42
291,Online,3,10,2023-12-23,5,106.52,532.6
292,Online,5,3,2023-10-15,2,131.77,263.54
293,Retail,14,3,2023-01-02,3,259.12,777.36
294,Online,3,17,2023-05-21,5,363.71,1818.55
295,Online,1,7,2023-06-04,4,314.04,1256.16
296,Retail,8,28,2023-10-26,5,153.18,765.9000000000001
297,Mobile,2,13,2023-09-06,3,63.33,189.99
298,Retail,17,35,2023-09-24,3,95.85,287.54999999999995
299,Retail,3,18,2023-08-11,1,363.3,363.3
300,Retail,17,40,2023-12-29,2,496.68,993.36
301,Mobile,13,32,2023-04-22,4,406.25,1625.0
302,Online,10,11,2023-03-28,1,400.27,400.27
303,Online,2,37,2023-06-23,3,457.03,1371.09
304,Online,20,41,2023-08-13,2,495.59,991.18
305,Mobile,2,48,2023-04-04,2,204.56,409.12
306,Online,16,34,2023-10-17,1,28.13,28.13
307,Retail,16,27,2023-06-08,1,306.03,306.03
308,Retail,1,27,2023-06-18,1,356.56,356.56
309,Online,2,3,2023-02-14,3,32.83,98.49
310,Mobile,5,45,2023-10-30,4,327.06,1308.24
311,Mobile,13,17,2023-04-25,2,153.83,307.66
312,Mobile,20,18,2023-08-15,4,405.35,1621.4
313,Online,10,23,2023-05-21,3,405.94,1217.82
314,Retail,18,37,2023-08-28,2,198.62,397.24
315,Retail,6,9,2023-12-14,5,323.98,1619.9
316,Retail,7,2,2023-04-02,5,446.53,2232.6499999999996
317,Online,4,3,2023-08-22,4,304.02,1216.08
318,Retail,19,15,2023-07-02,3,327.91,983.73
319,Retail,9,15,2023-09-13,5,45.62,228.1
320,Online,9,22,2023-07-26,5,183.59,917.95
321,Retail,18,14,2023-10-19,5,245.87,1229.35
322,Online,9,12,2023-04-27,5,77.28,386.4
323,Online,20,31,2023-11-13,3,464.87,1394.6100000000001
324,Retail,8,6,2023-01-20,2,227.7,455.4
325,Mobile,2,28,2023-09-16,5,445.11,2225.55
326,Retail,12,29,2023-02-21,5,204.34,1021.7
327,Mobile,14,49,2023-04-18,3,67.22,201.66
328,Mobile,6,20,2023-12-24,5,50.78,253.9
329,Retail,4,28,2023-10-07,2,230.4,460.8
330,Mobile,7,25,2023-03-03,4,117.65,470.6
331,Mobile,18,36,2023-01-25,5,439.25,2196.25
332,Retail,2,30,2023-02-23,3,17.44,52.32000000000001
333,Retail,17,5,2023-12-08,1,126.06,126.06
334,Online,12,43,2023-03-19,4,322.48,1289.92
335,Mobile,16,16,2023-09-03,2,248.23,496.46
336,Mobile,1,45,2023-07-10,3,424.73,1274.19
337,Retail,8,30,2023-08-27,3,366.86,1100.58
338,Online,17,31,2023-11-21,3,157.86,473.58000000000004
339,Retail,11,4,2023-10-23,1,418.47,418.47
340,Retail,5,37,2023-10-03,5,102.45,512.25
341,Mobile,7,44,2023-12-09,1,241.66,241.66
342,Online,8,4,2023-08-26,5,453.7,2268.5
343,Online,7,39,2023-11-14,1,419.63,419.63
344,Mobile,17,32,2023-02-04,3,493.82,1481.46
345,Online,14,1,2023-08-28,5,340.43,1702.15
346,Mobile,4,48,2023-10-11,3,283.76,851.28
347,Retail,20,16,2023-06-17,2,120.44,240.88
348,Retail,8,13,2023-10-15,5,154.88,774.4
349,Online,20,34,2023-03-20,3,441.94,1325.82
350,Retail,1,36,2023-04-27,5,452.77,2263.85
351,Online,5,25,2023-08-04,3,178.33,534.99
352,Online,7,31,2023-12-13,2,325.52,651.04
353,Retail,9,3,2023-09-24,5,228.86,1144.3000000000002
354,Online,16,13,2023-03-02,2,417.93,835.86
355,Mobile,13,30,2023-04-03,2,448.7,897.4
356,Mobile,9,50,2023-10-01,2,140.49,280.98
357,Online,20,38,2023-12-18,5,199.8,999.0
358,Online,15,39,2023-08-13,3,459.73,1379.19
359,Mobile,17,41,2023-09-02,1,475.85,475.85
360,Mobile,10,16,2023-03-15,4,414.81,1659.24
361,Online,8,19,2023-07-03,3,368.26,1104.78
362,Mobile,5,42,2023-08-12,2,279.11,558.22
363,Online,12,25,2023-02-15,3,315.02,945.06
364,Mobile,6,28,2023-08-26,1,442.72,442.72
365,Online,4,8,2023-04-09,2,369.11,738.22
366,Retail,5,40,2023-04-22,5,103.82,519.0999999999999
367,Mobile,13,11,2023-12-09,1,480.98,480.98
368,Online,15,43,2023-11-25,1,281.17,281.17
369,Mobile,19,28,2023-03-12,4,112.21,448.84
370,Retail,13,42,2023-12-23,3,355.86,1067.58
371,Online,10,26,2023-09-10,2,321.84,643.68
372,Mobile,9,31,2023-05-07,1,195.55,195.55
373,Retail,10,21,2023-02-08,2,13.82,27.64
374,Mobile,13,20,2023-02-24,5,257.73,1288.65
375,Retail,20,37,2023-06-09,5,85.7,428.5
376,Mobile,19,28,2023-03-23,3,335.36,1006.08
377,Mobile,17,16,2023-08-27,5,124.01,620.0500000000001
378,Mobile,20,44,2024-01-01,5,52.8,264.0
379,Mobile,5,41,2023-02-17,2,177.61,355.22
380,Online,11,11,2023-04-01,4,92.06,368.24
381,Online,9,43,2023-06-23,2,212.57,425.14
382,Mobile,13,22,2023-07-17,2,136.74,273.48
383,Mobile,16,47,2023-02-02,1,369.64,369.64
384,Online,17,32,2023-05-15,3,383.4,1150.1999999999998
385,Retail,4,23,2023-01-23,2,475.37,950.74
386,Online,11,30,2023-05-23,1,277.65,277.65
387,Mobile,4,48,2023-12-09,2,141.23,282.46
388,Retail,20,19,2023-12-17,1,237.43,237.43
389,Retail,10,6,2023-01-20,1,98.53,98.53
390,Retail,13,35,2023-03-17,2,395.5,791.0
391,Retail,17,2,2023-04-15,5,151.11,755.5500000000001
392,Mobile,7,19,2023-02-19,3,110.46,331.38
393,Mobile,20,22,2023-04-07,2,408.16,816.32
394,Mobile,8,42,2023-03-02,1,52.08,52.08
395,Online,18,50,2023-02-26,4,202.99,811.96
396,Mobile,18,8,2023-09-22,1,362.06,362.06
397,Online,3,31,2023-09-21,2,499.15,998.3
398,Online,10,26,2023-08-25,1,411.35,411.35
399,Mobile,18,43,2023-03-24,2,409.56,819.12
400,Online,7,14,2023-03-19,2,468.53,937.06
401,Mobile,13,37,2023-03-31,1,235.05,235.05
402,Online,13,43,2023-10-21,2,176.73,353.46
403,Retail,13,4,2023-04-06,2,13.78,27.56
404,Online,16,20,2023-02-25,1,408.84,408.84
405,Retail,4,24,2023-03-03,5,388.55,1942.75
406,Retail,13,23,2023-07-22,1,11.73,11.73
407,Retail,2,26,2023-01-11,3,334.83,1004.49
408,Online,6,1,2023-10-10,3,296.24,888.72
409,Mobile,16,13,2023-10-12,1,474.33,474.33
410,Retail,19,40,2023-10-07,1,77.29,77.29
411,Mobile,8,5,2023-11-17,2,35.87,71.74
412,Mobile,9,25,2023-06-02,5,401.6,2008.0
413,Mobile,1,2,2023-04-01,4,332.86,1331.44
414,Online,4,34,2023-08-20,1,238.24,238.24
415,Retail,18,12,2023-06-11,4,144.74,578.96
416,Online,1,18,2023-03-26,3,202.53,607.59
417,Mobile,9,31,2023-09-16,2,13.04,26.08
418,Retail,5,8,2023-06-29,5,290.12,1450.6
419,Retail,15,22,2023-02-15,5,97.51,487.55
420,Online,16,45,2023-10-04,2,127.79,255.58
421,Mobile,9,46,2023-01-10,2,115.37,230.74
422,Retail,16,9,2023-10-29,2,333.09,666.18
423,Retail,14,11,2023-12-03,5,267.07,1335.35
424,Online,20,29,2023-02-04,3,468.98,1406.94
425,Retail,15,9,2023-03-18,3,364.6,1093.8000000000002
426,Online,10,35,2023-12-02,1,245.31,245.31
427,Retail,11,5,2023-05-16,4,174.92,699.68
428,Retail,4,31,2023-01-06,5,110.32,551.5999999999999
429,Online,11,38,2023-03-17,1,73.55,73.55
430,Retail,9,25,2023-06-13,2,254.95,509.9
431,Online,1,36,2023-01-28,5,317.48,1587.4
432,Online,15,3,2023-12-23,5,359.26,1796.3
433,Online,19,15,2023-02-25,3,488.87,1466.6100000000001
434,Mobile,1,40,2023-09-23,1,353.85,353.85
435,Retail,7,2,2023-05-12,1,101.68,101.68
436,Retail,1,48,2023-03-28,2,448.8,897.6
437,Retail,19,41,2023-09-05,1,15.22,15.22
438,Retail,9,21,2023-03-17,3,189.64,568.92
439,Mobile,10,40,2023-05-17,2,352.91,705.82
440,Retail,13,37,2023-09-28,5,265.66,1328.3000000000002
441,Retail,18,35,2023-08-30,5,358.49,1792.45
442,Mobile,17,18,2023-09-16,3,342.74,1028.22
443,Online,6,7,2023-01-12,1,22.37,22.37
444,Online,15,49,2023-11-19,4,226.87,907.48
445,Retail,9,14,2023-03-27,3,170.47,511.40999999999997
446,Retail,13,15,2023-10-12,4,116.37,465.48
447,Retail,18,37,2023-12-03,3,42.66,127.97999999999999
448,Mobile,20,27,2023-11-14,5,33.53,167.65
449,Retail,14,29,2023-07-31,4,295.87,1183.48
450,Retail,19,26,2023-06-16,1,398.24,398.24
451,Online,5,49,2023-02-15,4,50.36,201.44
452,Mobile,11,48,2023-07-29,2,82.83,165.66
453,Mobile,16,18,2023-06-07,5,378.45,1892.25
454,Retail,2,45,2023-07-30,2,15.89,31.78
455,Mobile,16,22,2023-03-29,1,179.97,179.97
456,Mobile,6,22,2023-05-03,3,302.59,907.77
457,Mobile,19,38,2023-07-31,3,438.95,1316.85
458,Online,16,26,2023-09-17,2,396.18,792.36
459,Online,15,37,2023-12-29,1,266.42,266.42
460,Retail,10,17,2023-03-30,2,38.52,77.04
461,Online,16,26,2023-08-28,1,51.65,51.65
462,Retail,1,3,2023-01-24,5,85.81,429.05
463,Retail,11,27,2023-06-02,3,464.4,1393.1999999999998
464,Online,3,28,2023-04-20,5,381.12,1905.6
465,Online,13,37,2023-12-31,1,358.65,358.65
466,Retail,1,22,2023-11-27,1,92.23,92.23
467,Online,7,17,2023-09-19,2,170.5,341.0
468,Retail,16,37,2023-09-19,1,155.45,155.45
469,Online,19,49,2023-06-18,4,363.01,1452.04
470,Online,14,8,2023-05-01,1,19.86,19.86
471,Online,18,44,2023-12-29,2,260.16,520.32
472,Mobile,20,15,2023-01-22,5,82.43,412.15000000000003
473,Online,12,19,2023-07-02,4,269.28,1077.12
474,Retail,6,26,2023-01-24,5,187.64,938.1999999999999
475,Retail,18,47,2023-09-28,5,179.95,899.75
476,Online,1,12,2023-10-05,4,401.33,1605.32
477,Mobile,16,11,2023-04-17,3,402.31,1206.93
478,Mobile,14,45,2023-01-01,4,339.54,1358.16
479,Retail,7,4,2023-01-21,3,124.14,372.42
480,Online,4,34,2023-09-11,5,17.57,87.85
481,Mobile,19,9,2023-01-16,1,119.92,119.92
482,Online,4,39,2023-08-12,5,287.96,1439.8
483,Retail,9,11,2023-09-16,2,26.17,52.34
484,Online,17,6,2023-08-25,2,320.61,641.22
485,Retail,7,18,2023-03-12,2,216.11,432.22
486,Mobile,1,7,2023-06-14,5,106.69,533.45
487,Retail,1,26,2023-12-20,3,473.73,1421.19
488,Online,13,11,2023-06-23,1,461.24,461.24
489,Online,14,40,2023-03-22,5,466.08,2330.4
490,Retail,20,4,2023-10-12,1,31.34,31.34
491,Online,5,16,2023-04-02,2,198.3,396.6
492,Online,1,8,2023-03-19,5,177.49,887.45
493,Retail,9,11,2023-09-09,3,261.92,785.76
494,Retail,13,29,2023-06-11,5,62.03,310.15
495,Mobile,7,27,2023-08-12,1,159.47,159.47
496,Mobile,7,34,2023-01-07,4,407.37,1629.48
497,Online,20,4,2023-01-29,3,121.92,365.76
498,Retail,7,44,2023-07-24,1,406.39,406.39
499,Mobile,11,8,2023-06-28,2,161.9,323.8
500,Online,15,9,2023-03-16,5,276.44,1382.2
501,Online,8,4,2023-05-26,3,258.08,774.24
502,Online,17,1,2023-02-28,5,324.3,1621.5
503,Mobile,20,46,2023-11-17,1,12.0,12.0
504,Mobile,11,9,2023-07-15,5,353.72,1768.6000000000001
505,Retail,14,36,2023-05-26,5,487.56,2437.8
506,Online,10,13,2023-03-07,4,243.13,972.52
507,Mobile,16,45,2023-05-24,3,57.8,173.39999999999998
508,Online,3,22,2023-03-02,5,495.18,2475.9
509,Mobile,14,45,2023-05-03,4,250.38,1001.52
510,Retail,7,2,2023-02-06,5,402.63,2013.15
511,Online,3,26,2023-07-04,3,418.71,1256.1299999999999
512,Mobile,2,32,2023-10-31,2,475.46,950.92
513,Mobile,1,15,2023-07-19,2,278.67,557.34
514,Online,17,46,2023-12-25,3,249.34,748.02
515,Mobile,5,47,2023-09-05,5,209.68,1048.4
516,Mobile,10,6,2023-07-06,3,205.72,617.16
517,Retail,14,43,2023-07-02,3,303.33,909.99
518,Online,3,3,2023-09-05,3,47.11,141.32999999999998
519,Online,3,47,2023-08-04,2,406.22,812.44
520,Retail,16,29,2023-07-13,1,416.59,416.59
521,Online,17,44,2023-03-22,5,260.35,1301.75
522,Online,12,49,2023-12-18,5,249.99,1249.95
523,Online,6,33,2023-08-05,5,409.23,2046.15
524,Retail,11,2,2023-10-13,2,11.21,22.42
525,Online,16,7,2023-01-03,5,446.71,2233.5499999999997
526,Retail,9,36,2023-07-12,3,293.37,880.11
527,Online,3,1,2023-05-08,2,64.83,129.66
528,Retail,1,31,2023-05-08,5,387.87,1939.35
529,Mobile,16,34,2023-06-24,4,158.59,634.36
530,Mobile,2,48,2023-12-17,3,177.52,532.5600000000001
531,Online,17,12,2023-08-29,5,72.03,360.15
532,Mobile,15,36,2023-04-01,2,138.44,276.88
533,Mobile,15,3,2023-08-02,2,103.44,206.88
534,Mobile,14,13,2023-10-07,2,382.72,765.44
535,Retail,12,46,2023-04-25,3,457.77,1373.31
536,Online,12,19,2024-01-01,2,415.83,831.66
537,Mobile,1,39,2023-06-30,2,370.1,740.2
538,Retail,2,24,2023-12-16,4,71.61,286.44
539,Retail,14,4,2023-10-24,5,284.99,1424.95
540,Retail,16,23,2023-05-19,3,188.79,566.37
541,Mobile,1,49,2023-01-28,4,256.88,1027.52
542,Online,11,49,2023-04-24,3,11.69,35.07
543,Mobile,19,33,2023-02-11,3,156.0,468.0
544,Retail,18,49,2023-10-22,4,119.92,479.68
545,Online,10,3,2023-02-27,2,257.13,514.26
546,Mobile,6,45,2023-10-22,5,269.03,1345.1499999999999
547,Retail,6,25,2023-09-27,3,418.64,1255.92
548,Retail,16,11,2023-11-14,5,334.41,1672.0500000000002
549,Mobile,3,12,2023-04-03,5,184.42,922.0999999999999
550,Online,10,38,2023-12-11,4,75.78,303.12
551,Retail,19,23,2023-11-05,5,199.38,996.9
552,Online,20,46,2023-06-02,1,219.18,219.18
553,Online,5,20,2023-06-08,1,300.45,300.45
554,Online,17,36,2023-09-25,2,70.68,141.36
555,Retail,5,3,2023-12-11,5,114.45,572.25
556,Mobile,9,6,2023-08-25,5,200.29,1001.4499999999999
557,Online,18,28,2023-09-12,5,294.95,1474.75
558,Online,18,49,2023-08-26,3,315.1,945.3000000000001
559,Online,13,33,2023-08-12,3,247.14,741.42
560,Retail,6,35,2023-04-16,2,41.3,82.6
561,Retail,7,27,2023-03-31,3,410.9,1232.6999999999998
562,Retail,4,38,2023-07-10,5,223.8,1119.0
563,Online,12,12,2023-08-09,5,281.46,1407.3
564,Mobile,7,21,2023-04-07,1,321.44,321.44
565,Mobile,5,38,2023-05-14,5,433.26,2166.3
566,Retail,8,8,2023-01-13,4,338.22,1352.88
567,Retail,10,16,2023-07-04,5,162.16,810.8
568,Mobile,11,8,2023-08-04,4,494.35,1977.4
569,Mobile,3,22,2023-06-19,3,462.75,1388.25
570,Online,20,25,2023-07-12,3,422.42,1267.26
571,Retail,16,22,2023-09-13,5,57.0,285.0
572,Retail,9,21,2023-04-15,4,417.27,1669.08
573,Mobile,8,19,2023-11-22,5,340.77,1703.85
574,Online,18,3,2023-03-05,4,169.81,679.24
575,Mobile,6,32,2023-10-20,5,373.77,1868.85
576,Mobile,14,17,2023-06-27,2,141.41,282.82
577,Mobile,14,10,2023-06-20,1,339.39,339.39
578,Online,19,13,2023-01-25,2,422.89,845.78
579,Retail,3,19,2023-09-01,2,178.97,357.94
580,Online,1,29,2023-01-26,4,351.49,1405.96
581,Retail,13,1,2023-03-18,4,133.84,535.36
582,Mobile,7,11,2023-08-21,4,71.77,287.08
583,Mobile,19,24,2023-03-31,3,214.23,642.6899999999999
584,Mobile,20,15,2023-06-09,5,282.69,1413.45
585,Mobile,19,12,2023-08-07,4,23.7,94.8
586,Retail,7,48,2023-05-15,5,27.86,139.3
587,Online,2,44,2023-09-27,1,107.17,107.17
588,Retail,11,3,2023-06-01,4,241.35,965.4
589,Mobile,7,48,2023-08-03,5,406.05,2030.25
590,Online,8,47,2023-10-27,2,78.04,156.08
591,Retail,7,5,2023-11-25,5,18.89,94.45
592,Retail,5,44,2023-08-08,1,119.69,119.69
593,Online,12,4,2023-08-28,5,311.81,1559.05
594,Retail,20,33,2023-01-06,3,461.77,1385.31
595,Retail,15,50,2023-05-15,5,58.57,292.85
596,Mobile,10,20,2023-11-07,5,309.83,1549.1499999999999
597,Online,8,41,2023-06-18,1,370.15,370.15
598,Online,8,40,2023-08-12,3,140.14,420.41999999999996
599,Online,11,33,2023-09-17,1,412.02,412.02
600,Mobile,11,4,2023-06-26,4,490.43,1961.72
601,Retail,15,7,2023-03-01,2,141.13,282.26
602,Mobile,10,18,2023-06-13,1,218.24,218.24
603,Mobile,1,24,2023-05-22,3,275.71,827.1299999999999
604,Mobile,16,7,2023-09-22,3,248.47,745.41
605,Online,18,23,2023-07-13,3,31.67,95.01
606,Online,11,48,2023-10-10,5,425.18,2125.9
607,Retail,20,43,2023-11-07,2,24.37,48.74
608,Online,1,50,2023-05-30,5,124.3,621.5
609,Online,16,10,2023-06-30,5,450.82,2254.1
610,Retail,19,46,2023-07-09,4,422.38,1689.52
611,Online,5,38,2023-11-19,4,258.18,1032.72
612,Mobile,19,46,2023-10-13,4,189.95,759.8
613,Retail,1,47,2023-12-18,4,483.4,1933.6
614,Mobile,16,37,2023-09-26,1,363.38,363.38
615,Online,3,46,2023-07-22,4,329.09,1316.36
616,Retail,10,18,2023-03-23,1,227.46,227.46
617,Mobile,9,20,2023-04-29,5,265.12,1325.6
618,Mobile,14,2,2023-08-15,2,71.24,142.48
619,Retail,18,42,2023-05-19,1,55.27,55.27
620,Mobile,7,40,2023-04-16,5,58.78,293.9
621,Retail,19,44,2023-04-05,3,114.68,344.04
622,Online,6,49,2023-02-17,1,442.19,442.19
623,Mobile,11,18,2023-02-17,5,167.49,837.45
624,Online,9,3,2023-03-27,5,318.2,1591.0
625,Online,9,45,2023-10-29,1,358.92,358.92
626,Retail,18,43,2023-10-26,3,309.24,927.72
627,Online,19,42,2023-12-27,4,343.3,1373.2
628,Retail,18,38,2023-01-28,3,142.03,426.09000000000003
629,Retail,2,36,2023-11-24,4,457.09,1828.36
630,Retail,5,9,2023-05-29,3,17.88,53.64
631,Mobile,4,50,2023-09-07,4,80.49,321.96
632,Retail,10,36,2023-11-16,2,207.46,414.92
633,Mobile,1,16,2023-06-04,3,84.52,253.56
634,Online,9,49,2023-07-15,4,451.09,1804.36
635,Retail,10,24,2023-02-03,4,285.29,1141.16
636,Retail,13,45,2023-03-04,2,300.08,600.16
637,Retail,16,27,2023-06-10,4,18.86,75.44
638,Online,8,43,2023-06-16,3,91.28,273.84000000000003
639,Mobile,4,3,2023-10-15,1,101.26,101.26
640,Online,10,33,2023-12-20,4,490.99,1963.96
641,Retail,7,43,2023-01-21,3,310.5,931.5
642,Mobile,14,48,2023-01-04,2,109.43,218.86
643,Mobile,7,38,2023-08-15,5,287.21,1436.05
644,Retail,20,48,2023-01-12,4,95.47,381.88
645,Mobile,17,26,2023-05-07,4,210.06,840.24
646,Online,6,35,2023-07-28,4,355.34,1421.36
647,Online,16,42,2023-02-23,2,242.97,485.94
648,Retail,20,2,2023-05-02,5,402.34,2011.6999999999998
649,Retail,6,45,2023-04-17,4,477.47,1909.88
650,Online,19,22,2023-11-01,3,487.2,1461.6
651,Online,2,23,2023-02-23,4,474.9,1899.6
652,Online,13,17,2023-03-04,4,222.36,889.44
653,Online,5,25,2023-08-12,3,69.78,209.34
654,Retail,2,36,2023-05-09,3,466.67,1400.01
655,Mobile,8,31,2023-06-22,3,78.18,234.54000000000002
656,Retail,9,44,2023-05-27,3,156.07,468.21
657,Online,3,27,2023-01-23,1,345.21,345.21
658,Retail,3,26,2023-11-17,3,289.47,868.4100000000001
659,Online,18,36,2023-12-09,1,484.49,484.49
660,Mobile,6,49,2023-01-20,1,279.45,279.45
661,Retail,17,12,2023-11-10,1,40.56,40.56
662,Mobile,15,21,2023-03-13,5,396.99,1984.95
663,Online,13,17,2023-01-09,5,302.47,1512.3500000000001
664,Online,11,5,2023-04-13,4,232.6,930.4
665,Online,1,37,2023-04-06,1,64.49,64.49
666,Online,15,6,2023-06-25,5,89.02,445.09999999999997
667,Retail,11,34,2023-10-05,2,377.2,754.4
668,Retail,8,30,2023-06-15,1,110.68,110.68
669,Online,16,6,2023-10-08,1,433.74,433.74
670,Online,14,31,2023-12-06,2,475.39,950.78
671,Mobile,4,34,2023-11-17,2,92.03,184.06
672,Retail,10,9,2023-10-16,1,120.15,120.15
673,Mobile,19,19,2023-06-10,5,407.39,2036.9499999999998
674,Online,14,16,2023-12-02,5,245.18,1225.9
675,Retail,16,49,2023-12-05,2,96.85,193.7
676,Mobile,7,47,2023-02-03,5,352.25,1761.25
677,Online,19,15,2023-08-22,4,148.57,594.28
678,Online,7,50,2023-03-03,1,435.49,435.49
679,Mobile,3,18,2023-08-30,1,355.58,355.58
680,Online,12,11,2023-08-03,2,119.55,239.1
681,Retail,6,25,2023-04-04,4,82.97,331.88
682,Mobile,7,30,2023-06-19,4,77.9,311.6
683,Mobile,13,8,2023-04-23,4,165.09,660.36
684,Retail,10,23,2023-08-19,2,79.88,159.76
685,Retail,4,27,2023-02-06,2,472.49,944.98
686,Retail,1,2,2023-10-17,5,163.31,816.55
687,Mobile,13,5,2023-12-30,1,187.28,187.28
688,Retail,4,8,2023-06-08,5,444.99,2224.95
689,Online,10,22,2023-10-05,3,357.15,1071.4499999999998
690,Online,12,14,2023-01-17,3,259.15,777.4499999999999
691,Mobile,18,13,2024-01-01,2,165.25,330.5
692,Mobile,13,10,2023-12-11,4,236.87,947.48
693,Mobile,1,30,2023-05-23,2,351.19,702.38
694,Retail,4,30,2023-06-04,5,238.01,1190.05
695,Online,11,13,2023-11-17,1,431.86,431.86
696,Mobile,5,12,2023-11-15,3,357.17,1071.51
697,Mobile,11,49,2023-03-28,3,269.93,809.79
698,Retail,19,32,2023-07-24,4,84.84,339.36
699,Online,15,44,2023-04-27,2,154.45,308.9
700,Retail,16,21,2023-03-17,2,496.05,992.1
701,Retail,10,28,2023-08-22,2,34.43,68.86
702,Online,8,20,2023-07-31,5,404.77,2023.85
703,Mobile,2,24,2023-02-10,2,33.9,67.8
704,Online,2,10,2023-03-19,3,137.5,412.5
705,Online,4,17,2023-04-22,4,30.34,121.36
706,Retail,15,26,2023-11-27,4,345.1,1380.4
707,Mobile,8,4,2023-01-26,2,385.87,771.74
708,Mobile,15,17,2023-09-01,5,270.83,1354.1499999999999
709,Mobile,4,20,2023-11-05,4,41.85,167.4
710,Online,14,48,2023-07-30,1,376.85,376.85
711,Online,1,12,2023-05-03,5,266.5,1332.5
712,Online,18,22,2023-10-21,3,98.72,296.15999999999997
713,Online,6,21,2023-09-29,1,375.34,375.34
714,Retail,3,30,2023-10-29,4,41.29,165.16
715,Mobile,1,37,2023-11-25,4,340.56,1362.24
716,Retail,12,20,2023-12-06,4,396.39,1585.56
717,Retail,4,39,2023-11-05,3,66.05,198.14999999999998
718,Retail,11,29,2023-09-02,3,462.1,1386.3000000000002
719,Retail,13,40,2023-09-06,4,171.27,685.08
720,Mobile,11,7,2023-03-30,1,26.64,26.64
721,Retail,9,8,2023-07-26,5,400.7,2003.5
722,Mobile,1,25,2023-05-17,4,98.93,395.72
723,Mobile,16,8,2023-01-14,4,188.69,754.76
724,Online,17,28,2023-08-13,3,449.0,1347.0
725,Mobile,7,20,2023-07-21,4,32.99,131.96
726,Online,17,3,2023-10-06,3,458.37,1375.1100000000001
727,Retail,20,10,2023-07-03,2,295.96,591.92
728,Retail,6,46,2023-01-12,3,458.75,1376.25
729,Online,20,2,2023-08-22,5,484.59,2422.95
730,Online,20,48,2023-09-24,5,395.3,1976.5
731,Retail,4,46,2023-04-25,5,222.95,1114.75
732,Online,5,14,2023-09-22,3,258.92,776.76
733,Online,8,48,2023-08-28,3,141.05,423.15000000000003
734,Online,3,14,2023-04-20,1,346.52,346.52
735,Retail,10,8,2023-11-10,2,375.72,751.44
736,Mobile,9,50,2023-06-01,5,397.09,1985.4499999999998
737,Mobile,15,7,2023-07-03,3,199.81,599.4300000000001
738,Retail,19,19,2023-04-25,4,386.04,1544.16
739,Mobile,15,28,2023-09-02,2,406.49,812.98
740,Retail,2,36,2023-08-23,1,66.24,66.24
741,Online,5,10,2023-04-21,5,499.57,2497.85
742,Online,14,15,2023-08-21,2,498.34,996.68
743,Online,2,29,2023-03-15,5,364.58,1822.8999999999999
744,Mobile,18,37,2023-01-15,4,474.44,1897.76
745,Mobile,3,47,2023-05-04,5,370.95,1854.75
746,Mobile,15,45,2023-09-18,5,415.26,2076.3
747,Online,18,31,2023-06-05,3,235.82,707.46
748,Online,1,39,2023-02-16,4,58.64,234.56
749,Mobile,4,19,2023-01-06,4,292.35,1169.4
750,Retail,5,20,2023-03-30,2,152.01,304.02
751,Retail,15,16,2023-10-27,3,420.27,1260.81
752,Online,7,18,2023-02-21,5,414.98,2074.9
753,Online,8,21,2023-01-28,5,229.42,1147.1
754,Online,2,15,2023-10-10,5,446.82,2234.1
755,Retail,6,33,2023-06-04,5,234.52,1172.6000000000001
756,Online,1,22,2023-11-11,5,84.22,421.1
757,Mobile,5,36,2023-03-26,1,480.83,480.83
758,Online,11,48,2023-11-08,2,134.65,269.3
759,Mobile,19,45,2023-01-06,4,470.73,1882.92
760,Online,17,46,2023-06-06,2,425.16,850.32
761,Retail,8,16,2023-04-22,1,196.55,196.55
762,Online,13,42,2023-09-11,3,234.83,704.49
763,Retail,3,13,2023-07-12,5,222.26,1111.3
764,Mobile,1,22,2023-11-15,1,255.94,255.94
765,Retail,5,49,2023-11-20,2,147.42,294.84
766,Retail,11,33,2023-07-15,2,266.18,532.36
767,Online,7,32,2023-10-28,2,430.82,861.64
768,Mobile,7,38,2023-01-20,5,103.59,517.95
769,Mobile,20,47,2023-12-07,2,69.81,139.62
770,Retail,10,22,2023-02-04,1,49.4,49.4
771,Online,19,7,2023-09-15,1,173.69,173.69
772,Mobile,16,35,2023-01-04,4,391.74,1566.96
773,Online,4,31,2023-12-14,4,280.73,1122.92
774,Retail,16,19,2023-07-22,4,96.46,385.84
775,Retail,9,32,2023-05-23,2,275.19,550.38
776,Mobile,18,18,2023-11-20,2,188.1,376.2
777,Mobile,14,15,2023-05-09,5,88.12,440.6
778,Retail,20,40,2023-07-09,2,290.16,580.32
779,Retail,16,12,2023-11-27,4,131.68,526.72
780,Retail,20,2,2023-01-17,4,170.92,683.68
781,Mobile,4,3,2023-02-20,1,156.75,156.75
782,Mobile,14,48,2023-05-19,1,301.61,301.61
783,Online,10,50,2023-05-29,1,362.41,362.41
784,Mobile,9,8,2023-01-18,5,119.86,599.3
785,Retail,4,28,2023-10-28,2,74.44,148.88
786,Mobile,6,38,2023-09-16,3,23.89,71.67
787,Mobile,6,28,2023-01-07,3,92.95,278.85
788,Online,2,12,2023-04-10,4,392.48,1569.92
789,Mobile,15,5,2023-08-15,5,226.44,1132.2
790,Retail,5,19,2023-11-23,3,231.97,695.91
791,Online,18,41,2023-11-16,5,167.83,839.1500000000001
792,Mobile,12,26,2023-03-07,4,189.43,757.72
793,Retail,1,13,2023-02-18,2,428.38,856.76
794,Mobile,13,48,2023-08-20,1,283.67,283.67
795,Mobile,19,10,2023-10-22,1,280.13,280.13
796,Online,1,18,2023-08-12,5,131.54,657.6999999999999
797,Retail,6,50,2023-11-18,4,173.55,694.2
798,Online,1,24,2023-05-07,2,362.14,724.28
799,Online,16,10,2023-08-10,4,278.79,1115.16
800,Mobile,8,7,2023-10-15,4,188.12,752.48
801,Online,10,21,2023-08-09,1,176.21,176.21
802,Retail,11,5,2023-07-04,1,360.35,360.35
803,Mobile,4,23,2023-02-08,2,428.32,856.64
804,Mobile,13,19,2023-05-16,4,150.49,601.96
805,Mobile,10,29,2023-09-09,3,407.73,1223.19
806,Online,12,20,2023-07-04,5,107.9,539.5
807,Mobile,17,39,2023-02-08,2,115.23,230.46
808,Online,19,37,2023-03-23,5,395.81,1979.05
809,Mobile,15,34,2023-06-14,4,75.3,301.2
810,Online,6,13,2023-10-11,3,190.26,570.78
811,Online,14,29,2023-06-23,3,397.85,1193.5500000000002
812,Mobile,11,25,2023-04-07,5,426.27,2131.35
813,Online,9,50,2023-05-28,5,148.9,744.5
814,Online,8,25,2023-07-29,1,253.77,253.77
815,Retail,6,39,2023-12-06,2,234.2,468.4
816,Retail,13,11,2023-03-28,2,253.2,506.4
817,Mobile,19,19,2023-06-05,4,143.62,574.48
818,Mobile,20,50,2023-12-11,2,59.2,118.4
819,Retail,11,50,2023-09-07,3,400.78,1202.34
820,Online,3,9,2023-12-08,2,479.29,958.58
821,Online,4,48,2023-08-13,2,375.65,751.3
822,Online,3,8,2023-09-25,4,77.79,311.16
823,Retail,11,35,2023-04-21,5,292.83,1464.1499999999999
824,Mobile,9,28,2023-04-01,3,378.61,1135.83
825,Mobile,6,2,2023-03-13,4,53.17,212.68
826,Online,16,42,2023-12-01,1,46.67,46.67
827,Mobile,6,49,2023-09-01,1,459.61,459.61
828,Retail,17,24,2023-03-17,4,297.53,1190.12
829,Mobile,19,20,2023-11-06,4,402.79,1611.16
830,Mobile,2,28,2023-11-14,2,133.12,266.24
831,Retail,20,23,2023-08-21,4,26.84,107.36
832,Mobile,6,25,2023-08-27,2,83.98,167.96
833,Online,11,2,2023-11-19,3,496.44,1489.32
834,Online,12,6,2023-02-04,5,465.81,2329.05
835,Online,19,2,2023-10-26,5,139.18,695.9000000000001
836,Online,18,38,2023-11-13,4,266.14,1064.56
837,Online,14,22,2023-11-03,3,341.99,1025.97
838,Online,17,1,2023-01-01,3,274.49,823.47
839,Retail,4,39,2023-11-19,1,433.94,433.94
840,Online,20,45,2023-09-24,5,136.97,684.85
841,Online,6,49,2023-03-20,1,442.0,442.0
842,Retail,20,39,2023-11-20,1,16.62,16.62
843,Online,5,46,2023-01-01,4,431.98,1727.92
844,Retail,14,33,2023-09-24,4,142.91,571.64
845,Retail,1,31,2023-02-17,1,128.96,128.96
846,Online,3,15,2023-07-28,5,229.33,1146.65
847,Retail,19,29,2023-11-22,2,84.9,169.8
848,Online,12,36,2023-12-11,2,232.51,465.02
849,Retail,10,24,2023-12-07,5,166.21,831.0500000000001
850,Retail,2,34,2023-10-08,2,38.58,77.16
851,Mobile,5,8,2023-03-21,5,154.06,770.3
852,Mobile,8,40,2023-04-18,1,234.36,234.36
853,Retail,19,42,2023-11-14,2,459.35,918.7
854,Retail,9,48,2023-12-15,3,413.13,1239.3899999999999
855,Online,19,35,2023-03-14,3,379.2,1137.6
856,Mobile,7,37,2023-11-14,1,111.22,111.22
857,Retail,7,33,2023-07-14,1,498.11,498.11
858,Mobile,9,43,2023-08-21,1,261.55,261.55
859,Retail,16,8,2023-03-11,2,54.26,108.52
860,Retail,12,41,2023-03-16,5,235.71,1178.55
861,Retail,1,48,2023-03-26,3,219.72,659.16
862,Mobile,4,17,2023-01-16,1,410.76,410.76
863,Online,9,11,2023-07-01,4,472.72,1890.88
864,Online,3,20,2023-07-18,5,147.3,736.5
865,Online,14,27,2023-06-04,3,117.89,353.67
866,Mobile,13,5,2023-11-25,4,138.66,554.64
867,Mobile,3,34,2023-03-29,5,344.82,1724.1
868,Retail,7,29,2023-05-20,1,295.14,295.14
869,Online,20,18,2023-04-25,3,342.38,1027.1399999999999
870,Online,20,42,2023-03-31,2,217.58,435.16
871,Mobile,8,26,2023-09-27,1,61.17,61.17
872,Mobile,4,19,2023-06-28,1,469.84,469.84
873,Retail,12,43,2023-06-05,2,289.36,578.72
874,Online,14,38,2023-10-08,3,23.38,70.14
875,Retail,2,14,2023-11-07,2,333.76,667.52
876,Retail,1,14,2023-02-08,2,126.15,252.3
877,Retail,19,22,2023-08-10,4,111.16,444.64
878,Online,7,17,2023-04-12,2,405.22,810.44
879,Mobile,20,37,2023-02-20,1,16.5,16.5
880,Mobile,5,5,2023-12-02,3,151.48,454.43999999999994
881,Retail,9,49,2023-01-30,1,71.57,71.57
882,Mobile,9,26,2023-01-12,2,335.38,670.76
883,Retail,18,47,2023-10-30,3,413.38,1240.1399999999999
884,Retail,20,28,2023-01-30,2,107.04,214.08
885,Retail,13,11,2023-10-02,1,459.67,459.67
886,Retail,5,50,2023-05-10,2,164.49,328.98
887,Retail,6,42,2023-09-18,2,315.6,631.2
888,Mobile,14,3,2023-03-24,4,121.11,484.44
889,Mobile,12,36,2023-05-03,4,296.19,1184.76
890,Retail,13,46,2023-09-13,2,437.71,875.42
891,Online,1,25,2023-09-17,3,211.13,633.39
892,Online,17,37,2023-07-28,4,406.56,1626.24
893,Mobile,7,17,2023-11-13,1,129.3,129.3
894,Mobile,12,15,2023-07-06,4,445.09,1780.36
895,Retail,12,13,2023-08-16,4,217.82,871.28
896,Online,5,47,2023-01-04,5,307.36,1536.8000000000002
897,Retail,19,36,2023-11-17,4,123.76,495.04
898,Online,2,47,2023-02-26,5,299.14,1495.6999999999998
899,Mobile,6,36,2023-12-27,5,68.01,340.05
900,Online,12,48,2023-11-18,4,63.49,253.96
901,Mobile,16,38,2023-11-04,4,116.4,465.6
902,Online,1,32,2023-04-18,1,239.93,239.93
903,Retail,18,17,2023-03-22,4,168.39,673.56
904,Online,20,30,2023-03-10,2,179.95,359.9
905,Retail,1,4,2023-03-01,5,377.72,1888.6000000000001
906,Online,8,13,2023-11-10,1,23.46,23.46
907,Online,9,42,2023-02-20,4,157.85,631.4
908,Online,17,25,2023-01-19,5,115.19,575.95
909,Retail,2,23,2023-09-08,3,220.91,662.73
910,Mobile,13,40,2023-02-21,1,284.16,284.16
911,Online,18,26,2023-07-03,2,49.89,99.78
912,Online,19,8,2023-05-16,3,290.7,872.0999999999999
913,Mobile,11,33,2023-01-24,4,20.9,83.6
914,Mobile,20,3,2023-03-30,5,188.97,944.85
915,Online,4,27,2023-01-07,3,413.05,1239.15
916,Online,2,19,2023-12-28,4,443.74,1774.96
917,Mobile,14,14,2023-06-18,1,177.36,177.36
918,Retail,7,12,2023-11-15,1,189.3,189.3
919,Online,18,22,2023-08-13,4,190.78,763.12
920,Retail,15,14,2023-01-12,5,464.75,2323.75
921,Mobile,11,31,2023-12-18,4,456.49,1825.96
922,Online,4,17,2023-04-13,5,445.03,2225.1499999999996
923,Retail,19,30,2023-05-05,3,439.94,1319.82
924,Online,13,14,2023-11-09,3,191.75,575.25
925,Mobile,20,20,2023-05-07,3,363.46,1090.3799999999999
926,Mobile,10,44,2023-09-29,2,115.0,230.0
927,Mobile,2,3,2023-09-15,1,269.2,269.2
928,Online,8,2,2023-06-03,4,64.07,256.28
929,Mobile,8,23,2023-06-11,2,374.62,749.24
930,Online,12,49,2023-10-15,3,310.48,931.44
931,Retail,3,22,2023-05-16,1,247.96,247.96
932,Retail,12,24,2023-03-02,2,17.33,34.66
933,Retail,10,36,2023-12-05,5,473.85,2369.25
934,Retail,17,48,2023-10-17,2,249.21,498.42
935,Mobile,5,27,2023-06-17,1,336.15,336.15
936,Online,8,22,2023-01-09,4,146.44,585.76
937,Online,3,20,2023-10-14,2,435.33,870.66
938,Online,18,3,2023-05-04,2,450.46,900.92
939,Mobile,1,47,2023-03-14,5,200.81,1004.05
940,Mobile,9,16,2023-05-27,3,201.73,605.1899999999999
941,Mobile,7,6,2023-05-29,1,83.29,83.29
942,Mobile,2,23,2023-01-04,4,184.62,738.48
943,Retail,3,47,2023-05-06,1,148.96,148.96
944,Online,13,35,2023-11-13,2,227.35,454.7
945,Retail,5,5,2023-09-05,5,398.91,1994.5500000000002
946,Mobile,12,41,2023-02-03,4,310.57,1242.28
947,Retail,5,1,2023-11-23,4,174.06,696.24
948,Online,3,27,2023-06-05,3,452.14,1356.42
949,Online,18,49,2023-04-29,1,112.58,112.58
950,Mobile,16,24,2023-12-12,5,455.89,2279.45
951,Retail,8,39,2023-02-26,5,251.46,1257.3
952,Mobile,5,12,2023-10-02,2,79.16,158.32
953,Retail,13,46,2023-02-26,1,262.3,262.3
954,Retail,14,19,2023-07-18,2,370.33,740.66
955,Mobile,15,44,2023-03-26,3,458.08,1374.24
956,Retail,4,50,2023-06-24,5,392.37,1961.85
957,Retail,11,33,2023-10-15,1,424.04,424.04
958,Retail,15,7,2023-03-22,5,484.02,2420.1
959,Mobile,17,33,2023-04-12,1,84.2,84.2
960,Retail,3,6,2023-05-22,4,79.01,316.04
961,Mobile,20,45,2023-07-08,1,482.02,482.02
962,Mobile,12,19,2023-11-15,4,77.82,311.28
963,Retail,12,42,2023-02-23,5,386.24,1931.2
964,Mobile,14,20,2023-01-06,4,170.29,681.16
965,Retail,14,37,2023-07-22,2,426.04,852.08
966,Retail,11,45,2023-07-30,5,53.52,267.6
967,Retail,3,21,2023-10-21,5,448.83,2244.15
968,Retail,19,37,2023-12-24,3,446.99,1340.97
969,Retail,3,19,2023-04-26,3,16.94,50.82000000000001
970,Online,1,38,2023-08-27,4,209.19,836.76
971,Retail,1,40,2023-02-09,1,265.57,265.57
972,Online,15,19,2023-10-06,2,48.42,96.84
973,Online,3,1,2023-07-31,1,63.82,63.82
974,Mobile,5,23,2023-07-24,3,336.16,1008.48
975,Online,3,34,2023-01-16,2,419.96,839.92
976,Retail,15,49,2023-11-08,2,134.65,269.3
977,Online,16,47,2023-01-10,5,312.16,1560.8000000000002
978,Online,1,42,2023-08-28,1,339.67,339.67
979,Retail,18,42,2023-06-13,5,241.65,1208.25
980,Mobile,10,44,2023-07-26,3,75.06,225.18
981,Retail,15,31,2023-06-13,5,479.9,2399.5
982,Mobile,9,39,2023-07-25,3,291.51,874.53
983,Online,12,30,2023-02-15,1,181.3,181.3
984,Retail,11,23,2023-02-24,4,30.33,121.32
985,Online,7,15,2023-07-07,1,32.13,32.13
986,Retail,16,47,2023-02-14,4,403.69,1614.76
987,Retail,6,6,2023-07-11,1,308.02,308.02
988,Retail,16,29,2023-03-24,5,163.16,815.8
989,Online,18,10,2023-07-28,2,350.48,700.96
990,Online,6,35,2023-05-28,2,10.55,21.1
991,Retail,10,5,2023-08-17,2,189.99,379.98
992,Online,11,15,2023-09-05,2,174.27,348.54
993,Retail,15,33,2023-03-16,3,349.85,1049.5500000000002
994,Mobile,16,15,2023-10-14,4,10.64,42.56
995,Mobile,20,44,2023-01-01,3,75.49,226.46999999999997
996,Mobile,4,7,2023-02-12,2,250.38,500.76
997,Mobile,18,25,2023-10-07,5,225.55,1127.75
998,Online,8,19,2023-08-06,5,209.16,1045.8
999,Mobile,5,11,2023-01-09,3,461.19,1383.57
1000,Mobile,1,12,2023-07-05,1,83.6,83.6
