channel,date,clicks,impressions,conversions,revenue
Online,2023-06-18,1663,26652,437,17965.33
Mobile,2023-05-04,4344,10498,445,40427.36
Online,2023-02-07,8260,14827,492,12791.0
Mobile,2023-11-28,8139,27690,287,28052.86
Online,2023-02-22,5559,21216,198,1326.76
Retail,2023-04-10,1099,32971,36,22101.93
Mobile,2023-09-17,8233,10324,56,29709.89
Mobile,2023-08-30,6503,4468,186,25980.75
Online,2023-06-25,9480,17932,209,4343.29
Retail,2023-11-22,9908,21401,322,30163.93
Retail,2023-01-21,3795,33916,265,21124.92
Mobile,2023-01-27,3699,49785,87,20931.28
Online,2023-07-16,721,2637,68,40230.65
Mobile,2023-05-22,4064,45301,403,39907.82
Retail,2023-11-01,3565,31527,458,38592.16
Retail,2023-03-12,8346,11518,186,44099.32
Retail,2023-08-30,3050,14225,268,40991.15
Mobile,2023-02-14,186,43890,81,7193.04
Retail,2023-07-15,3358,11965,386,2560.06
Mobile,2023-04-23,9758,11309,5,3030.74
Mobile,2023-06-26,250,12270,18,45673.69
Online,2023-02-16,1939,5311,14,44710.06
Online,2023-07-28,8405,4574,391,41946.01
Online,2023-05-02,7522,19265,38,24195.35
Online,2023-09-30,469,3716,334,26711.63
Mobile,2023-09-04,4239,7596,268,1224.62
Mobile,2023-12-19,8371,33270,105,3473.84
Mobile,2023-08-10,4135,41255,278,5201.07
Retail,2023-07-17,7360,24546,493,1569.13
Retail,2023-08-28,8650,25608,120,20374.14
Retail,2023-09-11,5108,9189,433,16191.02
Mobile,2023-08-15,1344,49873,141,29834.76
Online,2023-11-12,1345,17612,222,45286.13
Online,2023-06-08,4275,24744,276,48895.16
Online,2023-12-11,4613,33764,196,3333.34
Online,2023-04-09,8621,28222,493,4734.03
Mobile,2023-07-27,2910,1301,217,6706.09
Online,2023-12-14,1151,31152,79,19716.1
Retail,2023-07-12,7896,40360,135,25711.07
Retail,2023-04-07,9484,35586,163,25639.4
Online,2023-04-01,8813,11442,120,7748.14
Retail,2023-12-07,8437,34169,88,45867.54
Retail,2023-04-07,1978,14916,145,29587.08
Online,2023-04-17,231,27892,25,18630.67
Mobile,2023-06-06,9695,25785,174,39528.95
Mobile,2023-10-24,5669,21229,316,5436.07
Mobile,2023-09-15,6974,37704,323,34134.05
Online,2023-09-22,5928,28627,58,30709.69
Online,2023-03-01,7326,18134,6,12541.38
Online,2023-06-27,665,38344,77,27376.36
Online,2023-11-16,6939,40319,46,7370.98
Online,2023-11-12,6916,8828,236,6157.35
Retail,2023-11-24,3861,19577,313,31418.26
Online,2023-06-04,8345,16323,465,45573.86
Retail,2023-01-25,6223,27939,86,43656.99
Retail,2023-03-29,9406,23589,138,45720.59
Retail,2023-07-29,239,9620,188,31877.79
Mobile,2023-02-15,8220,42753,91,45350.27
Online,2023-11-04,616,47693,190,19975.31
Mobile,2023-03-18,1357,24096,274,24352.5
Mobile,2023-07-12,7183,22383,59,16502.0
Mobile,2023-01-20,6159,19279,481,42662.56
Mobile,2023-06-29,1260,27743,21,35345.64
Mobile,2023-07-25,3037,48294,217,30838.97
Online,2023-11-05,9596,24010,164,45284.86
Online,2023-03-06,9281,16338,449,39397.19
Retail,2023-10-28,1027,46000,339,33736.56
Online,2023-03-13,933,11502,100,17254.78
Retail,2023-03-18,7329,42667,306,2008.36
Mobile,2023-10-04,3893,36253,29,39446.0
Mobile,2023-11-14,2983,15165,416,14214.7
Mobile,2023-11-29,7935,5863,136,46254.99
Online,2023-10-12,9273,3805,496,10916.03
Online,2023-07-12,3565,2714,170,39189.83
Mobile,2023-11-02,6314,43411,326,5307.78
Mobile,2023-08-09,562,20639,59,34506.23
Retail,2023-02-19,1325,42150,140,42719.99
Retail,2023-06-25,6854,32798,113,20231.68
Mobile,2023-07-18,9767,23465,40,5615.82
Mobile,2023-08-28,442,45829,296,27412.96
Mobile,2023-12-27,562,22213,63,34265.57
Mobile,2023-04-02,6699,33314,363,32647.55
Mobile,2023-07-08,2724,34337,428,43177.3
Online,2023-06-22,5135,35755,491,42334.79
Online,2023-01-13,7670,8081,453,27616.87
Mobile,2023-03-13,5586,29079,251,30033.06
Retail,2023-11-04,7045,22718,383,45974.93
Online,2023-12-21,2999,34259,76,23868.67
Online,2023-12-27,9131,14441,205,8816.02
Retail,2023-07-12,9728,43286,228,33485.39
Online,2023-02-24,1229,4281,296,39611.51
Retail,2023-09-12,1400,49214,82,15802.07
Mobile,2023-12-23,7410,17111,205,7563.78
Online,2023-09-10,4300,7525,428,30369.64
Retail,2023-01-11,4618,35613,107,27805.97
Retail,2023-08-05,6847,23867,386,20040.3
Mobile,2023-05-01,2925,3748,474,40704.36
Retail,2023-11-21,235,2320,282,48235.56
Online,2023-10-05,3381,44076,419,12111.16
Mobile,2023-08-20,9262,21289,69,45109.71
Mobile,2023-08-04,9142,21965,86,31384.42
Mobile,2023-01-17,4679,49937,240,28697.8
Mobile,2023-12-15,5634,36284,289,29338.71
Mobile,2023-01-05,4007,7855,146,21300.92
Mobile,2023-04-26,548,18470,127,13168.52
Online,2023-01-17,4522,21400,51,21655.64
Retail,2023-12-04,6581,25884,495,6827.68
Retail,2023-11-30,9518,45110,54,13958.46
Online,2023-10-30,8394,17482,153,24493.07
Retail,2023-12-12,2036,9752,23,39772.9
Online,2023-09-05,2825,39732,422,15532.63
Mobile,2023-10-28,8180,35746,371,8050.54
Retail,2023-01-09,1945,27229,139,32170.82
Retail,2023-02-04,3428,42264,118,27323.38
Retail,2023-04-25,2546,22580,355,43145.15
Retail,2023-07-25,4847,17171,383,26608.9
Mobile,2023-12-23,4537,30336,96,48642.38
Online,2023-11-04,7714,44871,227,23741.85
Online,2023-05-15,2791,10492,163,8644.97
Mobile,2023-04-10,1096,39033,328,14379.5
Retail,2023-03-28,4611,38421,284,6922.2
Mobile,2023-09-01,6439,10063,232,15109.14
Retail,2023-01-01,7104,25994,387,16976.38
Mobile,2023-12-02,8511,14350,215,43100.15
Retail,2023-09-15,4079,15976,440,10863.04
Online,2023-06-17,7955,26547,352,38939.24
Retail,2023-03-16,670,46219,34,48557.54
Mobile,2023-08-01,7602,17664,136,17759.71
Mobile,2023-08-30,2242,31354,232,2441.89
Mobile,2023-10-16,4273,33723,210,10082.14
Retail,2023-06-01,9280,46190,440,32122.68
Retail,2023-06-09,7392,22616,467,17709.59
Retail,2023-12-19,638,10921,278,48250.65
Online,2023-11-01,5009,12682,303,1221.56
Mobile,2023-12-02,2097,28320,251,40623.99
Online,2023-12-17,7780,10574,428,12393.02
Mobile,2023-03-10,1675,26681,231,40637.3
Online,2023-06-24,8362,10773,220,41451.69
Retail,2023-08-21,2794,7490,139,30429.9
Mobile,2023-11-05,6952,24727,203,26746.5
Online,2023-03-28,8981,23389,216,20333.19
Online,2023-11-23,8499,2958,20,10463.58
Retail,2023-04-06,7808,47160,71,13235.91
Retail,2023-05-14,6627,41208,465,1991.69
Retail,2023-09-14,1875,18530,256,6177.55
Online,2023-11-07,1368,12263,341,19594.3
Online,2023-05-10,2276,26677,23,16102.82
Online,2023-12-06,4277,19435,333,17195.19
Retail,2023-10-03,4987,35462,379,5828.5
Online,2023-01-28,9461,31551,97,37441.45
Online,2024-01-01,6972,26701,269,32418.98
Mobile,2023-09-22,3607,2975,326,33097.84
Retail,2023-04-27,3702,45900,367,11237.58
Online,2023-07-25,9209,34946,195,32863.96
Retail,2023-08-02,6984,32179,68,44197.55
Online,2023-02-08,6075,7752,255,11575.33
Retail,2023-08-02,5625,14950,218,5143.0
Retail,2023-03-21,1246,9153,265,26838.8
Retail,2023-11-08,435,25955,410,49577.52
Online,2023-01-16,6899,34790,106,42576.44
Online,2023-05-12,4869,7049,103,12022.29
Online,2023-03-10,4312,48243,187,11610.6
Mobile,2023-05-14,7470,26354,493,27489.01
Retail,2023-10-07,2651,12051,25,14268.89
Mobile,2023-06-14,2953,9872,199,1657.27
Online,2023-08-02,7283,23172,124,11030.51
Mobile,2023-03-22,3064,12844,230,47713.33
Mobile,2023-05-13,9588,8079,303,27707.8
Mobile,2023-10-10,2427,27116,123,31994.46
Mobile,2023-07-22,700,22965,270,41537.86
Online,2023-10-28,7379,23416,80,13081.54
Online,2023-09-14,9080,45435,56,32325.37
Retail,2023-12-05,6371,26515,32,37131.11
Retail,2023-08-19,5783,6137,139,30799.75
Retail,2023-02-17,1926,22976,404,15387.98
Online,2023-02-09,8735,7424,395,19542.27
Mobile,2023-10-15,9545,48622,399,8912.56
Online,2023-11-22,979,31674,466,17780.25
Mobile,2023-10-05,7104,46622,110,41526.39
Online,2023-03-11,8162,48340,292,6776.3
Mobile,2023-05-08,9715,42731,256,40496.07
Mobile,2023-12-02,2651,2769,384,8934.41
Retail,2023-05-17,6163,22610,207,13616.75
Mobile,2023-04-23,8745,18585,106,16190.33
Retail,2023-11-15,422,13570,25,21556.04
Online,2023-07-04,7083,4423,473,14975.37
Online,2023-07-12,4611,29338,245,46966.09
Retail,2023-11-06,3740,34414,393,2334.6
Online,2023-03-30,9628,16156,455,8273.21
Online,2023-08-01,6694,20268,310,24800.79
Mobile,2023-04-22,1114,18531,23,1363.67
Online,2023-04-12,3412,15409,216,16192.0
Online,2023-09-07,4729,27703,377,4921.79
Online,2023-03-06,6819,27436,381,29954.19
Retail,2023-11-27,9088,47289,267,9890.91
Online,2023-11-01,6936,31867,317,35695.29
Online,2023-01-11,2470,10194,388,32629.25
Retail,2023-11-18,5181,29696,404,33947.74
Online,2023-02-19,2274,32412,455,29833.26
Online,2023-09-08,7546,15941,113,46558.41
Online,2023-09-27,9136,48628,232,32960.42
Retail,2023-02-09,4126,46688,160,38097.46
Retail,2023-05-22,225,10673,82,14003.33
Retail,2023-12-21,5582,7565,384,32759.07
Retail,2023-07-09,7893,27138,465,44122.65
Online,2023-02-26,7717,25578,85,45876.5
Online,2023-02-04,9005,2359,41,1212.28
Retail,2023-11-11,6080,19892,460,25166.88
Mobile,2023-02-01,2989,43848,114,8514.91
Mobile,2023-11-22,3714,20708,130,44829.72
Mobile,2023-07-23,9220,8235,139,14873.93
Retail,2023-04-16,269,13359,132,36895.03
Retail,2023-09-15,280,34523,391,38870.21
Mobile,2023-10-28,2118,39195,450,44604.05
Mobile,2023-04-29,808,6164,350,10978.63
Online,2023-05-13,6009,6609,422,2265.23
Retail,2023-07-23,3188,21622,109,1680.79
Mobile,2023-04-03,4401,10265,440,43521.94
Mobile,2023-03-08,5594,48973,246,18821.3
Mobile,2023-11-15,5930,20273,139,7422.74
Mobile,2023-07-28,7177,44198,425,1044.85
Mobile,2023-10-21,1829,37169,46,39103.25
Retail,2023-07-25,2581,17208,355,37393.08
Retail,2023-04-21,7188,38148,271,23468.73
Mobile,2023-07-24,6828,36530,95,38403.94
Online,2023-07-05,2471,5344,219,43568.06
Retail,2023-03-02,7981,25175,306,21836.73
Online,2023-04-11,2592,39657,479,7846.24
Mobile,2023-06-21,938,37591,277,31808.1
Online,2023-09-18,8455,21030,136,8049.31
Mobile,2023-12-27,2065,4622,321,10907.61
Retail,2023-04-21,7984,5386,224,26237.62
Mobile,2023-09-19,2617,33015,451,18450.49
Mobile,2023-12-08,2203,43700,109,13816.83
Mobile,2023-03-19,9275,7989,264,28279.89
Mobile,2023-11-12,2213,13429,95,14630.03
Retail,2023-09-15,3172,42677,112,8076.82
Retail,2023-12-16,182,29225,41,32181.15
Online,2023-07-07,740,10653,47,33592.64
Retail,2023-11-13,6650,43017,425,6854.08
Retail,2023-06-03,704,47713,458,36243.62
Retail,2023-05-27,3776,16219,127,2975.13
Mobile,2023-08-21,3984,24628,22,31909.71
Retail,2023-11-02,9679,36912,73,34980.32
Retail,2023-01-22,2628,47576,2,12445.65
Mobile,2023-04-11,3825,41689,285,27289.98
Online,2023-04-24,5024,28463,487,20056.56
Retail,2023-09-14,2540,24182,188,7259.02
Retail,2023-01-05,4921,6186,415,2869.11
Retail,2023-10-23,4319,7292,409,14425.62
Retail,2023-04-23,7672,33337,236,27219.4
Online,2023-09-29,8446,42275,28,7896.72
Mobile,2023-07-14,630,22680,432,24732.74
Mobile,2023-10-22,7743,33838,359,28238.03
Online,2023-10-19,3083,17286,188,9030.65
Retail,2023-03-13,5526,47621,452,47175.68
Mobile,2023-12-21,7187,44596,252,16861.83
Retail,2023-08-01,339,39126,269,35231.69
Retail,2023-09-28,640,2901,180,22968.68
Online,2023-04-20,5470,7128,218,20229.54
Mobile,2023-05-04,377,24609,151,33868.25
Mobile,2023-09-21,4460,47519,63,38278.64
Retail,2023-12-26,2418,7716,39,40470.46
Mobile,2023-10-12,7726,17553,108,31939.44
Online,2023-02-15,3519,42978,64,35643.67
Retail,2023-08-02,3080,6337,60,8808.91
Mobile,2023-04-23,368,39726,480,13762.35
Retail,2023-04-22,6767,1916,311,38807.31
Online,2023-04-07,4316,9768,123,4226.71
Retail,2023-11-02,275,48346,198,16014.98
Online,2023-06-27,9399,29682,365,38993.93
Mobile,2023-05-08,1016,7181,435,32590.36
Online,2023-09-02,6029,23246,425,19248.03
Retail,2023-06-30,3671,19407,353,14711.86
Retail,2023-01-18,4427,37865,220,19728.92
Online,2023-08-04,4776,43870,384,20964.43
Mobile,2023-02-21,6036,46742,395,1847.26
Retail,2023-09-16,3070,29003,285,13859.09
Retail,2023-05-01,7600,12583,318,29790.93
Retail,2023-12-21,500,44399,434,39578.42
Online,2023-05-28,6657,30238,489,12044.35
Online,2023-06-02,7100,36987,27,4072.81
Online,2023-08-10,2171,46515,191,1564.12
Online,2023-03-15,3905,45849,66,9475.05
Online,2023-03-30,3562,38718,259,14817.41
Retail,2023-06-17,6013,18227,297,10721.17
Retail,2023-10-17,571,4137,200,12426.31
Online,2023-08-04,6119,18391,263,29737.93
Mobile,2023-06-24,4953,41949,291,46337.14
Online,2023-08-28,7916,26854,18,27826.05
Mobile,2023-12-18,7710,35513,97,33823.67
Mobile,2023-09-17,3996,29096,385,8313.81
Retail,2023-02-24,5938,2225,447,22498.96
Online,2023-08-17,4506,17086,88,32958.05
Mobile,2023-03-05,2421,31638,466,4673.31
Online,2023-02-18,4640,32867,387,18189.76
Online,2023-04-27,6716,15826,128,14973.2
Retail,2023-03-06,5931,15185,115,49632.56
Online,2023-01-06,8929,27336,335,29302.3
Retail,2023-10-10,900,40060,15,1811.04
Mobile,2023-06-23,7886,19715,93,47423.38
Retail,2023-07-25,8714,37378,178,36892.74
Retail,2023-05-14,3486,36552,195,26309.38
Online,2023-08-09,1871,32826,326,48444.68
Online,2023-07-30,9252,26488,221,20833.85
Retail,2023-05-13,7544,3432,383,5984.63
Online,2023-01-22,5639,11384,323,11077.46
Online,2023-06-12,7920,32361,128,5484.26
Online,2023-07-20,6779,42372,448,19209.16
Retail,2023-06-13,7336,47961,472,7088.94
Retail,2023-01-02,1998,40579,329,26874.27
Online,2023-07-17,4275,14750,287,45442.06
Retail,2023-01-27,7276,44079,147,29032.87
Online,2023-04-29,8365,43072,291,29117.11
Online,2023-02-02,1527,45849,256,35155.69
Online,2023-07-01,8868,25117,454,11707.56
Online,2023-07-12,6718,21816,374,19510.52
Retail,2023-08-25,7841,26536,179,18962.88
Mobile,2023-05-27,5728,11171,280,46434.33
Retail,2023-11-14,8388,25815,104,25234.79
Online,2023-04-24,2497,12994,2,26098.2
Online,2023-05-25,1261,12338,192,28628.21
Mobile,2023-01-13,7011,31397,338,28609.08
Online,2023-04-27,4481,32313,216,39803.87
Retail,2023-06-13,1355,49887,217,12970.86
Retail,2023-09-07,3298,12811,351,42999.74
Retail,2023-07-16,1979,46593,63,46125.79
Online,2023-09-28,879,13789,454,41726.26
Online,2023-07-27,1800,38286,63,12203.87
Mobile,2023-01-31,3900,44901,291,30033.36
Retail,2023-07-24,280,12027,268,34599.0
Online,2023-01-07,1997,3681,328,4697.18
Mobile,2023-10-06,8868,15016,23,42577.91
Retail,2023-01-07,5115,30458,394,18950.8
Online,2023-07-25,1992,29078,343,49679.71
Online,2023-01-11,6493,42363,116,43000.68
Retail,2023-09-14,9871,31687,120,8340.59
Online,2023-04-06,7197,11826,67,16116.86
Retail,2023-05-03,5072,38891,365,19140.87
Mobile,2023-12-27,6745,41891,250,4560.56
Mobile,2023-10-02,8510,45571,285,4684.4
Online,2023-03-06,2259,7499,352,48160.25
Mobile,2023-10-27,7130,38906,208,46855.58
Retail,2023-06-01,3311,7893,239,38094.8
Online,2023-12-16,998,31089,96,36563.21
Online,2023-12-27,3582,11823,36,35937.18
Online,2023-09-05,4503,43339,245,1724.43
Retail,2023-09-26,3745,40788,52,30153.87
Retail,2023-07-22,7113,20039,464,19545.2
Online,2023-11-18,9250,40510,455,40790.54
Mobile,2023-05-09,3293,37516,490,16134.86
Online,2023-04-07,551,48235,338,19852.4
Online,2023-08-14,610,7549,293,25942.49
Mobile,2023-04-10,2285,43092,235,46184.44
Retail,2023-05-06,3463,29997,372,5083.89
Retail,2023-09-13,5971,11541,310,28205.02
Online,2023-05-19,6379,1346,451,36931.69
Online,2023-03-23,9055,4051,75,10434.75
Mobile,2023-03-05,6572,40285,283,27974.29
Online,2023-05-21,385,12628,251,49815.68
Online,2023-11-28,586,8854,353,16435.71
Online,2023-07-03,922,21680,18,39961.29
Mobile,2023-08-26,7007,7835,179,5435.56
Online,2023-11-22,4957,30363,161,35997.65
Retail,2023-03-29,8561,9897,434,20600.66
Retail,2023-11-16,9738,44314,481,29923.59
Mobile,2023-04-24,4570,40672,322,25777.56
Retail,2023-05-03,1133,33677,141,35538.77
Retail,2023-06-13,501,41609,37,3193.39
Retail,2023-11-04,8707,22047,427,25608.44
Mobile,2023-04-16,3650,35589,359,4610.81
Mobile,2023-09-28,280,19642,222,46435.02
Mobile,2023-08-25,1650,45179,478,21756.78
Retail,2023-12-20,7980,20031,412,2556.0
Online,2023-08-27,9301,21582,458,8130.44
Online,2023-07-21,179,34543,100,33719.33
Mobile,2023-05-16,9048,35997,462,23026.42
Online,2023-09-04,7634,14376,448,12178.31
Online,2023-01-28,5506,18627,93,44791.2
Online,2023-09-04,7592,38269,18,1230.0
Online,2023-11-17,2706,46501,99,27321.65
Online,2023-03-27,8169,9459,177,25447.15
Online,2023-10-29,4130,27098,402,9650.31
Mobile,2023-01-07,6405,11277,492,31170.49
Online,2023-09-02,9485,33746,400,48590.25
Mobile,2023-08-05,9868,21014,228,30771.7
Mobile,2023-08-15,5125,11847,25,18388.19
Online,2023-11-07,8819,40446,290,26537.36
Mobile,2023-08-30,1800,12966,499,24158.91
Retail,2023-10-07,7609,28003,32,31342.66
Mobile,2023-08-18,8823,46927,441,13028.66
Online,2023-04-11,699,49868,12,19588.27
Retail,2023-07-01,4737,15655,355,31657.38
Online,2023-08-27,4680,24457,145,36316.06
Online,2023-07-08,3202,29683,162,32697.91
Online,2023-02-15,9673,32694,115,26151.73
Retail,2023-12-29,8042,21188,350,36307.69
Retail,2023-09-21,8041,31861,443,27257.08
Mobile,2023-09-28,5477,49413,289,28924.99
Mobile,2023-06-01,2733,7569,251,7322.76
Online,2023-07-18,1752,43883,101,13541.57
Mobile,2023-04-19,8909,36911,477,31898.3
Retail,2023-06-14,5627,21710,365,2846.43
Mobile,2023-06-06,7231,28033,251,49020.61
Retail,2023-10-28,2707,19882,14,15444.7
Mobile,2023-01-01,5098,1843,94,27926.53
Mobile,2023-01-15,7636,23236,325,25889.33
Online,2023-11-05,6145,37458,373,16743.91
Retail,2023-09-18,4047,15789,489,4672.68
Retail,2023-10-10,1125,40448,316,3379.25
Retail,2023-06-09,526,26815,143,31572.41
Online,2023-07-27,5910,38538,447,5581.86
Online,2023-12-23,6071,18352,438,6430.73
Mobile,2023-04-13,8883,34899,20,43035.64
Mobile,2023-08-21,793,40173,204,44673.9
Retail,2023-07-06,2066,14168,394,7683.7
Online,2023-04-15,4613,1217,219,14411.21
Online,2023-09-25,1115,18314,109,22316.84
Mobile,2023-12-21,1423,10724,369,30359.63
Online,2023-03-16,9324,32414,407,45007.45
Mobile,2023-10-06,4172,17123,349,44079.56
Retail,2023-04-25,8665,49426,120,32387.35
Online,2023-10-28,4229,41481,162,2462.52
Online,2023-12-02,7413,7146,311,13577.34
Retail,2023-01-27,971,14971,226,11708.98
Retail,2023-11-15,6184,4861,459,13765.86
Mobile,2023-06-11,8202,18594,56,44547.96
Online,2023-12-17,3045,42986,415,20048.86
Retail,2023-07-14,2602,24061,198,17234.13
Mobile,2023-01-08,153,1889,1,13899.05
Retail,2023-10-21,4303,11791,373,14365.53
Retail,2023-12-18,5600,34307,317,22957.58
Retail,2023-07-29,2214,20658,167,47922.02
Mobile,2023-01-17,7962,49080,79,9224.71
Mobile,2023-07-22,4247,20006,396,35821.89
Retail,2023-01-19,1200,45240,292,19122.46
Retail,2023-12-25,5188,5241,119,21770.38
Mobile,2023-04-19,2442,35261,305,10124.55
Online,2023-11-24,1726,37055,168,40152.12
Online,2023-04-01,3031,14177,252,47738.62
Retail,2023-07-21,9343,21476,299,40853.5
Online,2023-03-23,7394,2979,276,29276.81
Retail,2023-02-01,7572,40983,228,22875.74
Retail,2023-03-26,8889,15154,1,23442.93
Retail,2023-01-30,5877,30501,38,45831.42
Mobile,2023-05-19,8134,6692,404,19363.85
Retail,2023-04-06,9587,23885,136,16550.71
Mobile,2023-12-22,3126,44420,179,25116.55
Online,2023-10-24,1802,29818,324,31868.64
Online,2023-02-24,8537,6912,202,9677.89
Online,2023-06-10,6124,15024,438,31803.58
Retail,2023-09-12,8991,40943,173,9607.3
Online,2023-09-22,5445,16212,235,19536.76
Online,2023-11-15,6742,11656,36,14131.26
Mobile,2023-03-02,6246,28460,369,16435.47
Online,2023-10-09,2648,27347,150,35649.45
Online,2023-04-01,7744,14355,277,15646.08
Retail,2023-09-07,2385,42516,174,24817.82
Mobile,2023-12-22,172,40345,190,34206.35
Mobile,2023-02-27,7035,26344,361,14738.47
Retail,2023-03-31,9030,11752,366,21720.02
Retail,2023-12-10,9268,27728,379,34845.53
Retail,2023-03-15,6085,27823,177,4168.13
Online,2023-05-05,5395,6429,336,39462.85
Online,2023-10-02,2333,7989,240,3951.71
Mobile,2023-03-24,7815,15512,6,1341.85
Online,2023-03-01,1801,4492,245,36603.77
Retail,2023-03-12,584,28675,481,47064.26
Online,2023-08-12,6523,41679,259,44412.99
Retail,2023-11-27,4265,27863,443,16021.38
Online,2023-04-18,1925,46215,293,16042.82
Online,2023-01-13,567,17673,433,17381.39
Retail,2023-06-23,6206,15156,258,23058.24
Mobile,2023-08-18,4068,31797,151,4584.74
Mobile,2023-03-09,9879,45958,43,4068.86
Online,2023-01-09,5384,37103,58,35629.2
Mobile,2023-04-02,9448,8085,352,19344.78
Retail,2023-03-20,6848,27839,201,5203.2
Mobile,2023-12-01,5676,36289,428,40972.27
Retail,2023-02-22,5229,10823,248,48667.7
Retail,2023-07-05,483,16789,312,18736.74
Retail,2023-01-16,2219,37044,142,48206.05
Retail,2023-09-13,7274,8571,222,27297.42
Retail,2023-07-15,1930,45928,186,36206.32
Online,2023-05-09,5753,28893,24,42531.62
Retail,2023-03-08,548,27018,214,14750.16
Mobile,2023-02-11,1010,17289,36,18384.9
Retail,2023-03-08,6141,24457,376,1788.71
Online,2023-10-24,316,4656,166,41476.9
Online,2023-12-04,4935,49254,350,19036.81
Mobile,2023-11-15,4483,36818,76,29783.71
Online,2023-01-11,8209,33125,276,29779.01
Retail,2023-08-26,8588,41688,27,24701.33
Online,2023-12-07,3083,2871,497,2143.91
Online,2023-11-09,5583,43491,435,42008.07
Mobile,2023-05-26,1905,22451,485,23516.76
Retail,2023-03-04,6285,24425,461,47628.5
Retail,2023-08-17,4844,19461,120,37242.34
Online,2023-05-24,2703,5995,217,26193.25
Online,2023-06-13,7674,16347,89,28636.39
Mobile,2023-09-25,6045,29980,214,31294.81
Retail,2023-10-15,3966,43417,155,14575.52
Online,2023-05-26,1617,42807,154,3902.55
Mobile,2023-02-24,6007,39012,481,27930.14
Retail,2023-08-07,175,48855,471,36446.15
Retail,2023-01-18,9911,23210,228,42258.29
Retail,2023-07-12,8555,49622,360,10506.78
Mobile,2023-09-15,4948,4520,321,6042.34
Mobile,2023-05-26,7766,2479,289,43918.84
Online,2023-07-21,1779,42220,107,33214.7
Retail,2023-02-02,4227,41054,1,3210.78
Mobile,2023-09-17,5688,31332,332,46047.22
Retail,2023-08-30,9108,42224,424,42902.09
Mobile,2023-04-15,4340,42774,335,36345.81
Retail,2023-02-23,6622,41483,350,14508.41
Online,2023-01-05,8326,28417,228,43193.3
Retail,2023-12-08,6156,48843,281,32904.36
Retail,2023-04-01,8709,1631,393,26595.59
Mobile,2023-06-14,707,27362,422,35833.5
Retail,2023-11-13,9228,37121,115,1837.66
Retail,2023-10-09,8337,12601,124,39763.05
Mobile,2023-08-01,9936,17525,77,4830.18
Online,2023-05-17,7149,43784,189,16819.21
Retail,2023-11-07,1175,33008,364,20206.09
Online,2023-08-16,8206,22510,425,46774.06
Online,2023-07-24,1003,2051,237,17327.78
Online,2023-01-29,7565,22395,102,30623.79
Online,2023-04-11,4839,18679,220,17480.99
Retail,2023-11-19,717,41414,239,29277.17
Online,2023-01-30,1205,17129,319,43451.65
Mobile,2023-02-14,2594,38724,489,10214.17
Online,2023-04-18,6589,31943,211,28198.95
Online,2023-04-29,2580,16354,23,29359.0
Mobile,2023-06-20,1077,23159,451,31993.25
Online,2023-10-06,8702,4729,150,16467.02
Online,2023-01-22,3156,27069,74,13852.85
Online,2023-07-04,1126,36277,156,6393.23
Mobile,2023-03-06,436,28893,338,44641.51
Retail,2023-04-04,4484,37590,294,42392.66
Online,2023-11-20,1089,23730,102,27810.49
Online,2023-04-21,8507,33552,303,18728.35
Retail,2023-09-14,3287,33964,325,43457.97
Retail,2023-10-26,4070,13208,305,48065.17
Retail,2023-12-04,7879,31855,469,4079.97
Online,2023-05-23,5810,19012,332,44041.12
Retail,2023-07-27,9888,30959,256,17955.73
Retail,2023-10-14,4339,13812,30,17979.04
Mobile,2023-09-11,4496,4114,376,28502.66
Mobile,2023-01-27,8956,47351,119,35281.4
Online,2023-11-24,918,4157,133,17335.39
Mobile,2023-07-27,3693,32931,119,11807.85
Online,2023-06-16,1363,6550,28,31775.77
Mobile,2023-07-08,3130,45567,36,29720.91
Online,2023-05-17,8798,9494,161,37017.3
Retail,2023-02-18,9616,6660,180,47589.41
Online,2023-04-04,5812,18674,363,25878.31
Retail,2023-10-31,4862,24991,103,24133.84
Online,2023-04-05,2112,44878,430,29739.74
Online,2023-10-17,3127,38313,119,14755.99
Online,2023-01-27,2271,30237,32,23005.95
Online,2023-02-04,1846,35530,415,49838.88
Online,2023-12-11,4931,11497,162,37313.49
Online,2023-07-24,3176,11756,480,33712.24
Online,2023-11-12,9004,25214,376,46422.71
Online,2023-12-14,4031,4895,37,49762.29
Mobile,2023-08-11,4068,14590,426,14972.57
Online,2023-06-23,5876,25451,487,17559.41
Mobile,2023-11-13,8104,29427,195,21877.55
Mobile,2023-10-07,9495,42831,155,24093.24
Mobile,2023-07-19,7314,29435,141,16457.21
Online,2023-10-10,5098,28123,415,2424.65
Retail,2023-01-26,8433,36634,367,18545.18
Retail,2023-02-25,1563,5888,279,42768.4
Mobile,2023-02-05,5722,28954,21,19298.81
Mobile,2023-08-14,9962,22311,16,15815.19
Online,2023-08-09,5233,21816,50,32047.4
Online,2023-10-02,5763,13797,429,37178.19
Retail,2023-12-21,5632,41314,272,34022.95
Retail,2023-08-15,9100,22723,414,3566.79
Online,2023-03-30,4429,4205,64,40388.03
Retail,2023-01-29,2583,34123,442,43282.94
Retail,2023-01-22,6003,24421,151,1650.15
Retail,2024-01-01,3108,17701,206,32310.5
Retail,2023-05-07,179,26907,93,36028.99
Online,2023-03-28,9755,44196,227,15049.8
Retail,2023-03-11,4931,17129,386,6921.51
Mobile,2023-08-03,5088,18735,77,41127.84
Online,2023-08-29,9482,25064,306,19104.69
Mobile,2023-09-17,8293,28480,211,39424.69
Retail,2023-05-01,3195,28774,194,25187.65
Retail,2023-02-22,2938,13031,274,32347.26
Mobile,2023-01-31,250,36711,200,2440.07
Retail,2023-08-10,2860,37245,62,22616.79
Mobile,2023-01-17,9126,22463,51,22193.28
Retail,2023-11-15,309,34161,197,25323.26
Retail,2023-10-25,6582,16745,263,26118.96
Online,2023-12-03,7447,47758,232,34064.69
Mobile,2023-10-30,1012,32571,344,27997.09
Mobile,2023-01-22,6433,20234,385,6985.35
Online,2023-03-29,1322,45742,377,14228.3
Retail,2023-06-07,8505,12048,343,45177.41
Online,2023-11-10,5223,37034,215,49786.45
Mobile,2023-08-31,1123,1985,241,20876.49
Mobile,2023-12-21,7555,19720,347,26149.2
Online,2023-02-18,9573,2285,404,41651.41
Mobile,2023-03-14,5965,45056,343,47604.87
Mobile,2023-10-28,8558,15085,485,31883.25
Retail,2023-03-11,6453,19984,478,18990.42
Retail,2023-05-12,4884,41451,497,5114.85
Online,2023-09-07,4971,13159,248,44268.22
Retail,2023-09-03,1940,10968,20,31267.32
Retail,2023-06-26,883,23468,387,1009.54
Online,2023-06-27,5835,29919,290,21009.17
Retail,2023-07-15,775,3848,289,1856.4
Retail,2023-11-11,4379,33800,115,32032.43
Online,2023-11-04,4294,20880,95,17144.06
Online,2023-12-26,742,15046,20,5574.19
Retail,2023-10-21,3236,12800,246,33004.44
Mobile,2023-06-15,5494,37105,275,14228.57
Online,2023-02-06,1311,8852,253,28062.07
Online,2023-01-24,6439,36803,222,40961.23
Mobile,2023-07-12,6776,2777,479,39835.14
Mobile,2023-01-16,1938,30005,145,6668.14
Retail,2023-01-08,3777,48527,281,11932.31
Retail,2023-12-09,796,18280,484,39497.84
Online,2023-03-15,2286,14946,472,20879.82
Mobile,2023-03-18,2654,18895,449,26148.56
Online,2023-09-03,8069,34252,380,40066.69
Mobile,2023-09-19,5258,37117,259,10896.25
Retail,2023-08-16,5744,29542,253,28938.8
Online,2023-04-07,8737,12967,175,48299.5
Retail,2023-08-05,1616,13754,338,46572.29
Retail,2023-06-14,4828,41878,157,34594.44
Online,2023-12-19,2554,14684,31,18567.01
Mobile,2023-07-10,5719,28887,424,44803.29
Online,2023-06-04,1661,22260,241,30645.26
Mobile,2023-11-28,9701,44365,208,31663.02
Online,2023-10-11,1670,36593,98,46886.6
Online,2023-10-30,3867,28126,397,32017.86
Online,2023-05-16,5920,25022,119,6139.42
Mobile,2023-05-29,3329,36912,403,7410.45
Retail,2023-03-02,3475,32044,35,31593.89
Mobile,2023-09-05,3996,3448,424,36127.98
Online,2023-11-15,9698,36595,432,25765.64
Online,2023-07-17,3118,29730,337,30506.22
Retail,2023-07-31,691,10659,123,2731.38
Online,2023-05-18,3521,37504,366,37104.27
Online,2023-05-17,3020,38823,293,6200.57
Retail,2023-12-27,4338,33691,281,6059.14
Retail,2023-05-26,2645,25809,176,9487.63
Retail,2023-12-04,7045,41617,445,15188.85
Online,2023-09-24,1314,21074,315,30982.8
Retail,2023-04-23,1811,45894,445,26628.09
Retail,2023-12-22,5056,27098,270,31135.82
Mobile,2023-08-10,3650,8710,423,3101.66
Online,2023-06-11,2396,43819,179,12190.72
Retail,2023-07-05,8965,48336,334,7104.33
Online,2023-12-11,9193,30211,353,1788.07
Online,2023-02-28,5825,21956,222,27847.1
Online,2023-10-28,449,13036,465,24008.2
Online,2023-12-20,6323,40173,373,21412.66
Retail,2023-05-21,6435,30089,142,35909.16
Retail,2023-01-27,8299,27303,455,2334.17
Mobile,2023-12-02,3072,29057,336,33776.71
Retail,2023-01-27,7873,39927,447,9037.0
Online,2023-08-07,3229,24802,260,24973.93
Mobile,2023-03-09,7290,41203,251,18819.69
Retail,2023-08-05,998,2979,25,45431.35
Mobile,2023-01-07,4184,16784,442,41907.19
Online,2023-02-24,8971,18272,458,2530.33
Mobile,2023-06-01,282,17805,269,44747.35
Retail,2023-05-31,2069,38467,166,12509.64
Retail,2023-05-04,1491,7688,98,14667.16
Retail,2023-07-28,8470,27052,310,36670.4
Mobile,2023-06-06,2761,3539,109,14688.04
Mobile,2023-06-26,981,38352,288,19015.71
Online,2023-06-29,3683,11469,11,20181.15
Mobile,2023-04-03,7314,1610,348,3483.57
Mobile,2023-07-30,9878,49997,436,46612.34
Retail,2023-02-20,9334,32126,150,12962.71
Mobile,2023-12-16,4053,14295,386,24130.6
Online,2023-11-03,5933,1874,424,44303.75
Mobile,2023-04-22,6408,4622,272,23171.31
Retail,2023-02-27,3936,31570,290,6291.81
Retail,2023-10-02,5597,7744,357,2706.86
Mobile,2023-07-12,1063,26464,360,13234.12
Online,2023-01-02,1979,22337,485,45806.35
Mobile,2023-12-07,2164,11867,338,49848.59
Retail,2023-07-07,9025,46646,100,20442.49
Online,2023-06-30,2309,12603,89,2076.17
Retail,2023-03-03,8419,22551,60,4134.66
Retail,2023-10-08,804,12356,477,27249.61
Mobile,2023-01-23,1052,44578,12,42501.77
Mobile,2023-06-01,4440,2393,498,21012.31
Retail,2023-09-09,2536,1046,52,42352.21
Mobile,2023-11-19,6216,1724,420,36582.52
Online,2023-11-14,4881,23131,137,23784.7
Online,2023-10-19,9962,14079,51,30847.86
Mobile,2023-02-24,4600,15312,274,2422.75
Retail,2023-12-20,4713,24385,84,10662.59
Mobile,2023-04-11,6621,40059,104,31913.97
Mobile,2023-01-09,7012,33091,230,20293.26
Retail,2023-05-03,9589,26096,175,7018.21
Online,2023-11-28,7316,39711,235,2526.71
Mobile,2023-03-08,8686,14199,319,43748.22
Mobile,2023-09-15,5638,42210,442,17383.49
Retail,2023-03-22,5759,11377,257,41282.29
Online,2023-10-01,2060,44033,65,18849.25
Mobile,2023-04-01,8443,23020,364,6470.54
Mobile,2023-08-12,7797,27048,53,9061.99
Mobile,2023-02-27,4371,10907,334,26497.5
Mobile,2023-08-30,1406,7297,461,5956.64
Retail,2023-01-14,217,7845,3,5163.96
Online,2023-01-16,7528,8177,88,17511.96
Online,2023-06-02,3967,41368,414,46273.77
Mobile,2023-01-02,8478,40987,50,47904.76
Online,2023-08-20,6498,47011,20,22518.46
Mobile,2023-06-24,3354,48697,155,7510.21
Mobile,2023-09-03,5573,7718,364,26389.85
Online,2023-12-17,3136,24523,221,16576.45
Mobile,2023-03-16,6918,37326,118,21978.71
Retail,2023-03-16,7100,45596,58,17861.78
Mobile,2023-10-31,9092,42721,268,41568.98
Retail,2023-02-08,4380,16934,309,33148.5
Online,2023-11-27,853,39038,326,26874.72
Mobile,2023-11-30,1503,20265,186,13461.44
Retail,2023-01-27,2615,42055,457,38360.26
Mobile,2023-02-14,782,35479,468,37357.58
Retail,2023-07-22,6370,13736,164,20370.02
Mobile,2023-07-13,2668,31021,280,9784.69
Online,2023-09-25,9621,40015,256,4074.02
Online,2023-07-03,618,19238,233,40293.36
Mobile,2023-07-11,6923,18486,286,10746.12
Retail,2023-11-27,2202,15417,397,25445.89
Mobile,2023-12-04,9192,23919,157,12947.47
Online,2023-06-25,4013,18210,455,45788.79
Online,2023-04-30,2497,38176,436,32218.9
Retail,2023-05-27,444,12266,186,31951.39
Mobile,2023-07-05,2243,31543,59,11124.47
Online,2023-02-25,7218,39609,144,27786.67
Retail,2023-02-13,4054,49194,326,15919.03
Mobile,2023-06-07,5181,44243,135,43342.52
Retail,2023-11-10,2947,29147,298,27908.3
Retail,2023-08-28,6089,21463,189,7254.24
Online,2023-01-30,4731,1552,273,27944.3
Retail,2023-08-20,5403,1912,31,30014.33
Mobile,2023-01-06,2440,37957,51,18125.56
Retail,2023-07-10,2496,39679,226,4597.4
Retail,2023-12-31,2033,42667,468,19911.22
Mobile,2023-08-10,2422,5495,113,47221.4
Retail,2023-12-30,1599,49924,413,18878.71
Online,2023-05-11,6119,32213,18,2243.59
Online,2023-10-09,4587,37641,4,3853.65
Retail,2023-11-09,6121,2376,67,18144.48
Retail,2023-09-12,545,44756,259,34704.34
Retail,2023-11-29,4634,2846,221,43340.08
Retail,2023-12-09,4859,46280,285,17187.28
Mobile,2023-03-22,7441,43539,72,5894.95
Retail,2023-01-11,6566,44000,70,18973.14
Mobile,2023-09-13,291,28031,453,38018.04
Mobile,2023-07-28,6271,6824,261,19087.39
Mobile,2023-07-01,3798,37694,114,17448.1
Retail,2023-01-11,3900,7622,293,43658.7
Mobile,2023-10-20,129,36918,475,42523.41
Online,2023-02-27,3282,4303,147,49069.7
Mobile,2023-05-07,9386,19974,420,44164.26
Mobile,2023-08-26,2242,39677,457,40860.68
Online,2023-10-19,889,4763,314,25226.9
Online,2023-03-14,9471,25116,116,18594.69
Online,2023-06-21,2476,6459,172,24794.7
Mobile,2023-02-03,8000,9082,485,29304.1
Mobile,2023-10-25,8874,49047,102,24358.21
Mobile,2023-12-18,8700,13469,256,39078.93
Mobile,2023-12-23,6951,15027,237,26493.43
Online,2023-09-26,8509,22129,429,20025.82
Retail,2023-02-27,567,2890,374,2713.22
Mobile,2023-08-05,9208,30516,415,18934.68
Online,2023-02-13,1293,33907,192,46198.09
Retail,2023-06-16,8094,36149,138,4678.07
Mobile,2023-08-26,4306,29191,207,34181.22
Online,2023-05-17,2265,46451,243,49427.07
Retail,2023-03-01,3072,30005,39,4748.28
Online,2023-08-08,1044,27010,185,27400.78
Mobile,2023-08-17,2358,16500,67,10280.57
Retail,2023-04-12,2700,28572,154,47145.75
Online,2023-04-07,2573,19399,10,39385.83
Mobile,2023-06-18,2593,34551,488,38101.27
Mobile,2023-08-06,922,39479,159,42239.7
Online,2023-03-04,3299,18737,411,20019.1
Online,2023-12-30,5267,49448,215,9347.93
Retail,2023-06-24,1769,12625,300,48977.25
Retail,2023-11-19,5972,24767,212,20146.33
Mobile,2023-08-26,6987,37482,78,9683.19
Retail,2023-01-18,7022,34943,455,40297.49
Mobile,2023-11-02,4544,17638,215,48462.4
Online,2023-06-02,8726,40938,165,30107.52
Retail,2023-05-07,7532,47193,381,23405.38
Retail,2023-06-11,4417,41670,71,47834.97
Mobile,2023-03-30,8171,36926,161,45024.15
Online,2023-01-18,1205,1481,287,6532.39
Mobile,2023-11-02,982,21973,371,45665.61
Online,2023-03-10,4353,27184,395,30067.64
Mobile,2023-04-05,3256,19301,43,19234.36
Retail,2023-01-31,9809,35894,83,42490.76
Online,2023-09-11,5245,27282,241,26203.16
Online,2023-12-25,2093,4813,113,26762.51
Retail,2023-05-19,658,30547,409,9357.4
Online,2023-05-31,4474,36700,182,14050.45
Retail,2023-02-12,2640,23615,363,44999.51
Online,2023-05-20,9182,10950,116,31899.1
Online,2023-08-11,5927,45744,245,23206.41
Mobile,2023-04-02,6260,4580,391,44241.67
Retail,2023-03-25,1280,43937,327,11460.37
Online,2023-10-28,6029,39475,159,36591.48
Mobile,2023-06-13,5409,3509,431,31446.84
Online,2023-02-25,3421,15553,21,36258.45
Retail,2023-03-25,6987,32799,82,34698.55
Retail,2023-06-12,5907,39977,72,19775.76
Mobile,2023-05-23,2494,22680,6,26862.92
Online,2023-05-04,9933,28765,296,35979.41
Retail,2023-11-24,5664,2439,115,17241.05
Retail,2023-07-31,8764,1742,423,36010.97
Mobile,2023-03-14,573,38132,49,19527.54
Retail,2023-11-17,9525,15828,288,33831.66
Online,2023-07-05,725,20124,401,34732.29
Online,2023-03-03,4585,12064,72,46706.98
Mobile,2023-05-19,2753,27873,291,11731.9
Online,2023-02-18,7846,46202,218,23607.47
Mobile,2023-10-27,518,44531,332,29842.19
Online,2023-07-30,6813,14300,25,28311.21
Mobile,2023-02-20,2715,26907,386,43568.85
Mobile,2023-11-08,1539,9118,181,37278.31
Mobile,2023-12-02,335,49186,413,32472.82
Mobile,2023-10-16,7576,37764,313,17404.85
Retail,2023-02-24,5417,48443,3,38916.92
Mobile,2023-12-29,5668,10552,86,8334.52
Retail,2023-04-29,1803,10142,139,17138.2
Online,2023-08-10,1895,23442,407,12554.58
Online,2023-08-15,4411,17470,433,33096.23
Mobile,2023-02-04,197,31201,115,11502.2
Retail,2023-04-12,1841,5083,4,1860.4
Mobile,2023-03-15,5463,46253,178,2621.02
Mobile,2023-07-04,3194,35034,34,45200.83
Mobile,2023-06-10,2567,49286,429,10015.47
Online,2023-01-30,8200,8663,43,25027.04
Mobile,2023-11-21,3498,10475,146,48489.73
Retail,2023-06-04,943,47661,60,33436.03
Mobile,2023-05-07,4171,28344,385,13419.08
Retail,2023-07-19,6321,28823,433,26761.78
Mobile,2023-03-13,1323,43039,372,39107.85
Retail,2023-01-26,1850,1559,289,28348.06
Online,2023-08-26,7566,24264,461,21039.63
Online,2023-01-27,1068,47493,365,3938.57
Online,2023-10-04,9017,28318,57,35709.95
Mobile,2023-05-09,8716,7362,171,10499.67
Retail,2023-07-31,6692,22630,34,49501.0
Online,2023-02-07,7766,41397,468,8200.5
Retail,2023-08-14,2745,24378,332,5868.18
Mobile,2023-12-25,962,23244,418,41603.7
Mobile,2023-03-29,2335,9290,303,17725.34
Online,2023-03-27,2135,28513,213,36036.0
Mobile,2023-01-11,9886,23964,95,41318.86
Mobile,2023-12-01,252,36326,213,5936.94
Online,2023-05-12,6538,32808,472,4065.1
Online,2023-08-14,6268,24990,471,41728.8
Mobile,2023-03-10,4550,27668,160,17044.96
Retail,2023-04-25,6502,30118,284,30739.96
Online,2023-11-20,5711,14962,485,48187.43
Online,2023-09-19,5198,27469,348,33394.52
Retail,2023-04-06,5891,34618,41,25705.6
Retail,2023-08-24,6313,48071,357,38719.99
Online,2023-04-20,5301,19250,161,20033.88
Retail,2023-03-18,1226,28593,24,34356.11
Retail,2023-06-09,3834,24311,331,1904.73
Mobile,2023-04-26,8035,12436,468,35551.21
Online,2023-11-04,6417,15818,49,34253.58
Mobile,2023-06-29,5723,4184,407,22920.09
Mobile,2023-03-04,1553,40776,10,44261.46
Retail,2023-07-23,363,20758,412,31636.58
Online,2023-05-22,8131,23182,453,35602.95
Mobile,2023-09-10,8259,37486,457,39223.72
Online,2023-08-22,111,12621,43,9828.72
Online,2023-03-22,3613,15597,374,32556.16
Retail,2023-11-08,8994,26467,35,30522.46
Retail,2023-03-27,7301,45876,268,43328.07
Online,2023-01-21,5954,21720,76,48076.3
Retail,2023-04-06,804,11338,296,7694.89
Retail,2023-03-21,2004,1587,157,2443.69
Mobile,2023-03-15,8598,22037,495,38368.1
Mobile,2023-11-24,1479,43881,307,28576.77
Online,2023-10-07,1755,27702,367,43867.16
Mobile,2023-09-02,7192,42026,487,26396.81
Online,2023-10-08,1684,22752,400,33399.3
Mobile,2023-10-27,1700,19733,77,1847.24
Mobile,2023-05-23,7154,7665,312,12411.06
Mobile,2023-11-09,568,33977,246,42442.31
Retail,2023-04-07,2846,26205,479,2115.43
Online,2023-08-13,9643,20606,385,13650.22
Retail,2023-09-26,8140,38219,256,41824.52
Retail,2023-05-11,4878,36061,269,37623.65
Mobile,2023-02-02,7042,20782,88,13443.34
Online,2023-10-09,3006,9606,256,17512.45
Retail,2023-08-24,6387,20092,253,48991.64
Online,2023-07-18,3688,23881,255,34228.33
Retail,2023-10-25,1647,34870,486,22467.61
Mobile,2023-04-07,7839,24150,456,41482.06
Retail,2023-10-01,6487,49555,376,28349.71
Online,2023-06-23,8223,13007,23,23802.88
Online,2023-01-03,3815,22614,310,46188.2
Retail,2023-09-02,3200,39510,369,31755.0
Mobile,2023-03-16,589,18335,479,19306.95
Online,2023-12-18,8743,41224,400,7541.34
Mobile,2023-10-16,7331,35032,339,29723.41
Mobile,2023-11-18,9210,28425,312,39719.71
Mobile,2023-07-22,7853,34679,425,6120.44
Mobile,2023-05-28,771,17982,405,39023.0
Online,2023-05-24,2050,47678,466,14262.5
Online,2023-04-03,1808,28771,269,33108.42
Online,2023-10-28,9895,49455,29,44154.58
Mobile,2024-01-01,389,17084,246,14590.64
Online,2023-06-27,5934,45964,494,3894.38
Retail,2023-08-16,7600,4536,44,3976.48
Online,2023-02-01,8643,22247,286,48525.0
Mobile,2023-01-04,8725,30437,493,26187.55
Retail,2023-09-30,6182,6720,366,23845.18
Mobile,2023-03-06,8632,16599,26,18773.69
Online,2023-05-10,419,8483,109,1101.69
Retail,2023-06-26,3127,38408,386,27878.88
Retail,2023-03-18,5286,45407,270,40864.62
Retail,2023-01-14,5635,42865,244,2164.13
Retail,2023-02-26,2890,2053,435,20986.16
Mobile,2023-10-17,4341,27864,96,49541.08
Online,2023-01-24,445,31794,477,28326.38
Mobile,2023-03-15,5115,20258,478,48031.07
Online,2023-10-24,8282,12291,327,35551.48
Mobile,2023-01-16,7710,24470,69,40822.99
Mobile,2023-07-23,3574,28428,53,6999.59
Online,2023-03-11,7917,15725,40,24944.35
Online,2023-05-15,3059,45737,455,37950.93
Retail,2023-06-03,9534,35599,228,24256.2
Online,2023-10-14,6432,28330,476,22242.0
Mobile,2023-06-15,9794,33042,294,14405.27
Online,2023-12-22,6615,9792,432,22301.08
Online,2023-06-25,2887,14321,299,7095.11
Online,2023-07-05,2491,45732,5,25085.64
Online,2023-12-20,1264,32444,419,46518.94
Retail,2023-09-19,6508,30994,283,9771.92
Online,2023-01-02,8444,2735,48,10873.39
Mobile,2023-12-06,7139,46182,134,49127.8
Online,2023-10-15,5691,21452,373,16561.84
Retail,2023-02-21,8976,2103,197,15118.55
Mobile,2023-01-09,4095,40122,145,44538.1
Mobile,2023-09-27,649,48941,177,11642.93
Mobile,2023-02-22,551,14274,351,36742.96
Mobile,2023-12-11,9557,7486,276,13899.5
Retail,2023-03-24,3644,24858,457,10612.06
Mobile,2023-12-30,6849,32686,214,2261.7
Online,2023-05-11,9389,12108,197,21672.14
Online,2023-05-01,1521,15518,12,31637.22
Retail,2023-07-25,7273,30258,281,36963.42
Mobile,2023-03-27,1825,19442,495,38000.88
Mobile,2023-02-13,3774,32207,428,40931.79
Mobile,2023-11-07,1533,46962,63,32733.19
Online,2023-03-03,1740,42996,304,37713.88
Online,2023-04-19,6820,16387,384,38861.15
Mobile,2023-04-24,7776,35304,443,25665.66
Mobile,2023-10-16,8485,48288,59,32948.84
Retail,2023-11-15,1133,33647,364,42946.93
Retail,2023-01-15,5041,21050,176,36363.88
Online,2023-02-13,8685,47619,52,25741.61
Retail,2023-09-02,8810,8062,405,30254.8
Mobile,2023-10-17,7581,27435,98,25279.21
Retail,2023-02-10,6828,40608,6,10323.66
Mobile,2023-05-11,3191,32005,200,17304.43
Mobile,2023-06-02,6542,20405,379,18784.35
Online,2023-02-14,8199,4334,480,32180.89
Mobile,2023-04-22,8582,11923,207,20411.26
Online,2023-04-29,6265,20044,326,36460.5
Online,2023-09-01,736,48566,386,38943.52
Retail,2023-12-19,4107,16685,417,39608.16
Online,2023-06-08,9460,7890,217,40994.54
Mobile,2023-04-07,6034,17896,227,40605.65
Retail,2023-06-11,8286,22487,452,13536.5
Online,2023-07-07,3203,22054,152,18231.06
Online,2023-07-04,6720,13298,67,37718.25
Retail,2023-01-31,4021,5253,380,14434.36
Online,2023-10-21,3543,46035,69,3833.75
Online,2023-10-27,5175,11077,361,15385.83
Retail,2023-10-06,9262,47312,344,29711.62
Online,2023-11-02,6177,19258,264,41971.51
Online,2023-07-01,316,44052,309,31640.82
Retail,2023-06-01,2604,5230,334,36828.14
Mobile,2023-09-01,8910,37300,169,45781.32
Online,2023-09-26,6101,44194,133,45419.88
Retail,2023-08-12,728,11632,464,41860.31
Mobile,2023-07-05,5760,12664,441,42259.15
Mobile,2023-07-05,2976,43960,8,18984.85
Retail,2023-12-03,7091,19707,368,14574.22
Retail,2023-09-12,1927,20301,61,9708.74
Online,2023-08-08,2217,40843,105,38636.81
